tweet_id,tweet_text,img_url,lgbtterm1,lgbtcat1,lgbtterm2,lgbtcat2,lgbtterm3,lgbtcat3,raceterm1,racecat1,raceterm2,racecat2,raceterm3,racecat3
1564609985350230030g,@Zuasibel @butchdjinn @Howard_Lovy Sure.. Indulge their racism... So they're more likely to accept some partial truths because they're too racist for the actual truth... https://t.co/nCQsArIS5s,http://pbs.twimg.com/tweet_video_thumb/FbacfKQXwAgLgh7.jpg,NA,NA,NA,NA,NA,NA,racism,minority,racist,minority,NA,NA
1553337011003658240g,"@ericswalwell You are there for your Chinese Government handlers, not America https://t.co/9RyK8GO9O3",http://pbs.twimg.com/media/FY6PxzuXwAMFP-o.jpg,NA,NA,NA,NA,NA,NA,chinese,asian,NA,NA,NA,NA
1533449369046876163g,Proof a Christian God doesn't exist #ThoughtsAndPrayers aren't working babies r dying when does the @NRA @GOP plan 2 admit no civilian needs an ar15? @RepMTG @laurenboebert will it take ur kids being shot ? Or just more white people? I added a pic 4 ur 2nd amendment argument https://t.co/iObraUVUhI,http://pbs.twimg.com/media/FUfoEzNWYAUGp5o.jpg,bi,bisexual,NA,NA,NA,NA,white people,white,NA,NA,NA,NA
1587957925003157506g,@mmpadellan You can always count on the Democrats to follow the Alinsky ‚ÄúRules For Radicals.‚Äù They formed the KKK on December 24 1865 and they‚Äôre still following the fascist doctrine today. https://t.co/vng1QHmd3u,http://pbs.twimg.com/media/FgmPUQTVsAEAKZC.jpg,NA,NA,NA,NA,NA,NA,kkk,white,NA,NA,NA,NA
1503823999285047301g,"@GOPChairwoman And Ronna, you would think that with that beautiful wall your traitorous, racist, crooked, conspiracy theorist prick idol built, that would never happen. Right? https://t.co/3dqG0tJN6T",http://pbs.twimg.com/media/FN6n9A-WYAEjmmz.jpg,NA,NA,NA,NA,NA,NA,racist,minority,NA,NA,NA,NA
1539332394104258561g,I'm so proud of these ladies.... This is not insensitive their choice to beat women is. If you side with trans athletes that beat women. You are not for women's rights. Sorry... Not sorry https://t.co/igIsDHA3Tq,http://pbs.twimg.com/media/FVzOp7rXEAAQuWq.jpg,trans,transgender,trans athlete,transgender,NA,NA,NA,NA,NA,NA,NA,NA
1602821447977766912g,"@KhaledBeydoun @cjwerleman @elonmusk Mian. Again üá®üá¶ Canadian's Gracious REMINDER. ""‡§§‡•Å‡§Æ ‡§®‡§π‡•Ä‡§Ç ‡§∏‡•Å‡§ß‡§∞‡•ã‡§ó‡•á"" You don't have to resort to begging. Leave this to Islamic Republic of #Pakistan Team Elon may only suggest you to first practice ""Self Consciousness."" Again lets celebrate..Month Dec.2022. #ExMuslimAwarenessMonth https://t.co/eYAQN2mqeA",http://pbs.twimg.com/media/Fj5dnLPWYAU6_1Q.jpg,NA,NA,NA,NA,NA,NA,paki,asian,muslim,middle eastern,islam,middle eastern
1587945959908151296g,The facts about Paul Pelosi is he was attacked by an illegal immigrant. The rest is just spinning the lies. He knows if there's a Republican Congress he is done. Too late the losses will be Devastating on Tuesday for the Democrats. https://t.co/M1PF3CsPpf,http://pbs.twimg.com/media/FgmEXtlXEAIU_jO.jpg,NA,NA,NA,NA,NA,NA,illegal immigrant,immigrant,immig,immigrant,immigrant,immigrant
1516699787113992195g,Oh ya ... obviously üòÉüëç‚ÄºÔ∏è So many Repiglikkkons racists are stupid we discussed that. https://t.co/xQ8G9o0lPr,http://pbs.twimg.com/media/FQxmaWRXIAAMM6w.jpg,NA,NA,NA,NA,NA,NA,racist,minority,racists,minority,kkk,white
1509195415941435397g,Hey @ChuckGrassley @GOP @FoxNews @FaulknerFocus @HawleyMO @CNNPolitics @washingtonpost @MSNBC I don't remember you even caring about the fact t that Trump has/had an open CHINESE BANK ACCOUNT! WHY NOT????? ü§î @POTUS handed over decades of tax returns. Trump NEVER did! https://t.co/uRHWd09nfu,http://pbs.twimg.com/media/FPG9O5jWQAATFLX.jpg,NA,NA,NA,NA,NA,NA,chinese,asian,NA,NA,NA,NA
1482886055888146432g,"@Forbes The financial system is not operated to benefit or assist Black people. Please disabuse yourself of this notion. Banks take our money, lend it to others, denying us loans (red lining) and racially profile us when we do basic transactions #bankingwhileblack. https://t.co/Z2PrrbBWAg",http://pbs.twimg.com/media/FJRFAotXsAAbwq9.jpg,trans,transgender,NA,NA,NA,NA,black people,black,NA,NA,NA,NA
1600955258410147840g,"@34Being @GoForChilly @AkilahObviously @bennyjohnson ü§£ü§£ü§£, the tweet I knew would soon be typed by a true IDIOT, WHELAN has been in Russia since Sept 2018 you FUKN STOOGE so WTF DID TRUMP DO THOSE 28 MONTHS, NOTHING BUT KISS PUTINS ASS AND LET 5K TALIBAN SOLDIERS LOOSE ON AFGHANISTAN.. https://t.co/XCQb6Ofvye",http://pbs.twimg.com/media/Fje8Uo1WIAwh994.jpg,NA,NA,NA,NA,NA,NA,afghanistan,middle eastern,afg,middle eastern,afghan,middle eastern
1513282302280978445g,@CharlieNeli @NobodymrRobert @JessieJaneDuff @CityofQuincy @AOC @TownOfLexMA Real BORDER SECURITY? Army Chief of Staffüíºüî´ Home:Quincy‚úîÔ∏è Need HELP 2022-Site soon. Your town.Minus/edit AOC line. Drop Vid1+Gif(6) U CAN work4 Boston media.Needüõ°Ô∏è SECURITY CODE Drop screenshots.$10 1 RW&amp;B Boston2024 shirt ^-Only $4shipping-v EARN Prize1:Mini tv stand 4ya phone https://t.co/mKYqmY3NK0,http://pbs.twimg.com/tweet_video_thumb/FQBCOYeXIAEQyZq.jpg,NA,NA,NA,NA,NA,NA,border security,hispanic,NA,NA,NA,NA
1585818390190444544g,"I was just sitting here thinking, Nov 8th will be the last time to get our country back the diplomatic way. https://t.co/TL7Tq40EDW",http://pbs.twimg.com/media/FgH1a4IaYAAHAvv.jpg,NA,NA,NA,NA,NA,NA,our country back,immigrant,NA,NA,NA,NA
1577466131816022016g,Since I‚Äôm Japanese is everything I draw ‚Äúanime?‚Äù https://t.co/gSCxVJYSJG,http://pbs.twimg.com/media/FeRJFf5XEAQb17m.jpg,NA,NA,NA,NA,NA,NA,jap,asian,japanese,asian,NA,NA
1605831267194388481g,Prayz yah..that was Dick Chaney and Liz Chaney and the government of Poland that kept calling my cell phone..on some angry racist bish about they wish eye was light skin https://t.co/MZRL67gsfw,http://pbs.twimg.com/media/FkkPBb_WQAABbOv.jpg,bi,bisexual,NA,NA,NA,NA,light skin,black,racist,minority,NA,NA
1604161677603241988g,Zionism is Fascism SS ideology a cancer ‚ôãÔ∏è of the 21st century. Israeli occupation will end. https://t.co/E95BBoIIQZ,http://pbs.twimg.com/media/FkMgi57XwAEPOK3.jpg,NA,NA,NA,NA,NA,NA,israeli,middle eastern,zionism,jewish,NA,NA
1487979037138079751g,@Lancegooden @RyanAFournier And 70 million racists believe your lies. https://t.co/d8cVHUaLiy,http://pbs.twimg.com/media/FKZdCTtXMAUsBUq.jpg,NA,NA,NA,NA,NA,NA,racist,minority,racists,minority,NA,NA
1508761306517618692g,"@marie_morgan @GeorgeTakei @CityOfBoston @CityofQuincy @AOC Desks. Best defense aroundüíØ 1)Site APRIL 2)Vids 4learning. #6-10 in2022(channel)&gt; Dont trust a link=iGet it.&lt;Vids1-5 CyberStationUSA2021 channel.Step 1 4any1,wheneves. Learn about media&amp;USA. Under20min&gt;$0Youtube 3)Broadcasting Border Security services. $10 Quincy MA #Boston2024 https://t.co/zZjhYskA3X",http://pbs.twimg.com/tweet_video_thumb/FPAyaGRXwAAGxnN.jpg,NA,NA,NA,NA,NA,NA,border security,hispanic,NA,NA,NA,NA
1508721991888490497g,@CallTrixie I like how they are being more trans parent about that now. I only ever ran into throttling with @KleptoCapture and also with that one murder once but let's not talk about that right now. https://t.co/DWlBuqsSc7,http://pbs.twimg.com/tweet_video_thumb/FPAOppuVkAMG-OF.jpg,trans,transgender,NA,NA,NA,NA,NA,NA,NA,NA,NA,NA
1606397597077364736g,@ParkerMolloy @Belmont2032525 @Rogersonline @imillhiser Your premise is faulty. Maybe what she saw was a much bigger threat to women‚Äôs overall Legal autonomy. Here in WI We have an abortion law that dates the pre-Civil War. You know when women couldn‚Äôt vote and people of color were slaves. @RepBryanSteil @wisgop are fine with that. https://t.co/kGXZpJ595S,http://pbs.twimg.com/tweet_video_thumb/FksSGRQWYAY-gu4.jpg,bi,bisexual,NA,NA,NA,NA,slaves,black,people of color,minority,NA,NA
1551744311464792067g,"@MysterySolvent Always!! I love how Rachel Maddow educates. I never knew about Gerald L.K. Smith, a horribly racist who pushed Christian Nationalism. In her way Rachel brilliantly showed how @dougmastriano is aligned with him. #VoteBlueOrWeAreScrewed https://t.co/5c15LZcUkL",http://pbs.twimg.com/media/FYjnOdiXoAAa6xq.jpg,NA,NA,NA,NA,NA,NA,racist,minority,NA,NA,NA,NA
1571273835915132930g,Really? Wow this privileged individuals have lots of ‚öæÔ∏èüèê they run their campaigns on bringing opportunities to illegals and only took 50 in #MarthasVineyard to raise a chaos ü§Ø https://t.co/C3Qe8gWr96,http://pbs.twimg.com/media/Fc5JObLWAAIZaVJ.jpg,NA,NA,NA,NA,NA,NA,illegals,immigrant,NA,NA,NA,NA
1548431747578114050g,"I‚Äôve successfully binge-watched all of #MsMarvel on @disneyplus. That was a really, really good show. I also loved seeing the rich South Asian culture throughout. I‚Äôm enjoying that #Marvel is opening the doors for more folks to be able to see themselves in these characters. https://t.co/QllrfaNGwd",http://pbs.twimg.com/tweet_video_thumb/FX0idtbUUAABiET.jpg,bi,bisexual,NA,NA,NA,NA,asian,asian,NA,NA,NA,NA
1580949041239961601g,"Little Rock is 45.9% white, 40.9%, black, 7.5% Hispanic and 3.11% Asian. According to these pictures, Steve Landers thinks it's 100% white. Frank Scott sees diversity and celebrates it. He's a mayor for all sections of our city. I'm voting for Frank Scott and you should too. https://t.co/A5HzzBMGOu",http://pbs.twimg.com/media/FfCoxK6X0AIwSx0.jpg,NA,NA,NA,NA,NA,NA,asian,asian,NA,NA,NA,NA
1593955900095696896g,Say NO to globalism is the entry to eternal slavery of your life! Freedom Is Gods gift and our right! To exist controlled by government is to be a robot without porpoise a false life! https://t.co/nLNRUE2966,http://pbs.twimg.com/media/Fh7ecUTXEAAsXM2.jpg,NA,NA,NA,NA,NA,NA,slavery,black,NA,NA,NA,NA
1544341559667470336g,KKK https://t.co/xrwSXdw1Aw,http://pbs.twimg.com/media/FW6adrUWIAYXMgF.jpg,NA,NA,NA,NA,NA,NA,kkk,white,NA,NA,NA,NA
1565444305770127363g,#gay https://t.co/TWYgvesCmO,http://pbs.twimg.com/media/FbmTTLfXkAcKbha.jpg,gay,gay,NA,NA,NA,NA,NA,NA,NA,NA,NA,NA
1507692453880606726g,@johncardillo My brother is an American Citizen stuck in a refugee center in Bucharest Romania waiting for the USA to allow his fiancee to enter the USA. Has been waiting 21 days and was told yesterday it would be 60 more days to process the paperwork. They lost home and business in Kyiv. https://t.co/l4WluzbgVQ,http://pbs.twimg.com/media/FOxmS-CXMAAOZxf.jpg,NA,NA,NA,NA,NA,NA,refugee,refugee,NA,NA,NA,NA
1581285686828597249g,"Democrats, ‚Äúoh, I‚Äôm for ‚Äòopen borders and Sanctuary Cities‚Äôüëâüèªbut NOT when they come to your cities! LoL double standard hypocrites https://t.co/QMLv7rprQP",http://pbs.twimg.com/media/FfHa8xIWIAEhzdH.jpg,NA,NA,NA,NA,NA,NA,sanctuary,immigrant,sanctuary cities,immigrant,poc,minority
1584705525836820480g,Cyborg slaves.... #MondayActionMovie https://t.co/GFS13QwdxT,http://pbs.twimg.com/media/Ff4BQHrVEAAlvRh.png,NA,NA,NA,NA,NA,NA,slaves,black,NA,NA,NA,NA
1540686663432675328g,@KenPenders Racist https://t.co/XjLJZoiyD5,http://pbs.twimg.com/tweet_video_thumb/FWGeWfGUAAQijhX.jpg,NA,NA,NA,NA,NA,NA,racist,minority,NA,NA,NA,NA
1553965898788061184g,Ummm Hiw about a #Mexican #TuberWare That Big Ass Picture Picture Of #Jesus being Crucified.. Lookin like he Left an Oakland Raider Game with the Wrong colors on... https://t.co/jHZKOIb8KD,http://pbs.twimg.com/media/FZDLvjXVQAAdXNB.jpg,bi,bisexual,NA,NA,NA,NA,mex,hispanic,mexican,hispanic,NA,NA
1542221543656284171g,"@davidjmcbride @dicktcal @SenWhitehouse üéØüíØ &amp; their voters are too ignorant, stupid, low-info‚Äî&amp;/or blinded by #racism &amp; #Propaganda, etc.‚Äîto realize they‚Äôre üó≥ against their own self interest. Then, when their own situation takes a dive, for whatever reason, they‚Äôre professional victims. It‚Äôs infuriating &amp; sickening. https://t.co/XPwzUErtwL",http://pbs.twimg.com/media/FWcSUjDXEAQ_seU.jpg,NA,NA,NA,NA,NA,NA,racism,minority,NA,NA,NA,NA
1534766222792724480g,im gay and nervous. #sendhelp https://t.co/7AlU3Zag9W,http://pbs.twimg.com/media/FUyVvqeUAAE3Q3s.jpg,gay,gay,NA,NA,NA,NA,NA,NA,NA,NA,NA,NA
1509897280454811656g,"Putin da je sacekao samo jos par god. Evropa i Amerika bi se same unistile ovako im je dao snagu da se svi zajedno ujedine protiv tzv Komunistickog, diktatorskog zla. Pocinje cas, zelim vam prijatan dan! https://t.co/xTAOy7E7d2",http://pbs.twimg.com/media/FPQ7kvGWQAYxLDg.jpg,bi,bisexual,NA,NA,NA,NA,poc,minority,NA,NA,NA,NA
1599872581116444672g,@GooseWayn Hes a lot funnier in chinese https://t.co/Yi18EdZUdR,http://pbs.twimg.com/tweet_video_thumb/FjPjoQnVIAIsp1f.jpg,NA,NA,NA,NA,NA,NA,chinese,asian,NA,NA,NA,NA
1531246109082918912g,"i found this video on ig.. i wish that Black people would start buying more guns. Atp it is almost like war, the government not gonna help us. Fear is not of God, but this make me nervous. i think all Black churches, schools, etc need to think abt this. This serious. https://t.co/VWUXZoSeeN",http://pbs.twimg.com/ext_tw_video_thumb/1531246015889788928/pu/img/HMGX6eJS0i6b2ADm.jpg,NA,NA,NA,NA,NA,NA,black people,black,NA,NA,NA,NA
1602637853321830400g,@Westros4 @Ines1084 @Acosta @ArmyChiefStaff @CityofQuincy @AOC @SonicBoomSix @TownOfLexMA ‚ò¢Ô∏èBORDER SECURITY‚ò¢Ô∏èüá∫üá≤ I'm just a regular personüë§. Boston media. WBCN BOSTON 14Y Quincy Massachusetts Onlyüõ°Ô∏èCity of Presidents. In America. Locationüì° is on.‚úîÔ∏è Dont get thanks.‚öíÔ∏è I just lose kings.üíØ Want2Ô∏è‚É£play United StatesüóΩ? Just write down Boston2Ô∏è‚É£0Ô∏è‚É£2Ô∏è‚É£4Ô∏è‚É£ Learned in school.üíç https://t.co/SqPTtreBlc,http://pbs.twimg.com/tweet_video_thumb/Fj22oOrWQAALHlC.jpg,NA,NA,NA,NA,NA,NA,border security,hispanic,NA,NA,NA,NA
1572980010885206016g,#HispanicHeritageMonth2022 #HispanicHeritageMonth https://t.co/vmFVzOaqKF,http://pbs.twimg.com/media/FdRY_AUWQAILk7z.jpg,NA,NA,NA,NA,NA,NA,hispanic,hispanic,NA,NA,hispanicheritagemonth,hispanic
1522977384202444801g,@Muslim @AsmaZehradr @AsmaZehradr why have you disabled your comments box??? https://t.co/sGgVv4YdYP,http://pbs.twimg.com/media/FSKz2_dWYAEPuLe.jpg,NA,NA,NA,NA,NA,NA,muslim,middle eastern,NA,NA,NA,NA
1607390954457014273g,@ericswalwell @ericswalwell You off the intelligence committee very https://t.co/ELvk5pgW0f this is what I propose. Dump ALL the illegals in your state.#Mansplain that! https://t.co/I90MWDszR2,http://pbs.twimg.com/media/Fk6ZjLfWAAIYx9V.jpg,NA,NA,NA,NA,NA,NA,illegals,immigrant,NA,NA,NA,NA
1488780586965733379g,#BlackHistoryMonth #BlackLivesMatter https://t.co/Ab2I1jxWMC,http://pbs.twimg.com/media/FKk2DepXwAIjS7O.jpg,NA,NA,NA,NA,NA,NA,#blacklivesmatter,black,blacklivesmatter,black,NA,NA
1499535037439647750g,Nike closes 110 stores in Russia. 3000 child slaves freed in Bangladesh. (Sometimes wars have an inverse effect). Just do it! https://t.co/VLucDvlJzC,http://pbs.twimg.com/ext_tw_video_thumb/1499534992879276036/pu/img/AIP-WMRht54XkyXX.jpg,NA,NA,NA,NA,NA,NA,slaves,black,NA,NA,NA,NA
1537907275070722049g,thankful that my cashier at B&amp;N today was an old white man who probably wouldn‚Äôt know why one of my mangas was in plastic and that one of the two others I bought was a BL https://t.co/Urf8XSkjd8,http://pbs.twimg.com/media/FVe-g8sVsAIkbJq.jpg,NA,NA,NA,NA,NA,NA,white man,white,NA,NA,NA,NA
1545986374695735296g,"@itsgraceholmes I understand. There's also allegations that she has had secret lesbian affairs with Yoko Ono and others. I am totally OK with that. Picking between Hillary and Trump, she's smart, more experienced and educated. She deserved to win, personal lives aside..... https://t.co/xEWRRcySUq",http://pbs.twimg.com/tweet_video_thumb/FXRyaH8UIAE4FjU.jpg,bi,bisexual,lesbian,lesbian,NA,NA,NA,NA,NA,NA,NA,NA
1583993626241433600g,"@JohnFetterman ..but are for you chasing people with shotguns, freeing felons, creating drug dens, and representing them part time, now as you cant debate without aids that allow your leftist Soros funded puppet masters to feed you. I seen this movie, it sucked. https://t.co/zZBLlssKzi",http://pbs.twimg.com/media/Fft5zP7XEAIxb2S.jpg,NA,NA,NA,NA,NA,NA,soros,jewish,NA,NA,NA,NA
1552111574353166336g,@MarshaBlackburn ‚Äòs Face has Racist all over it! https://t.co/58cbZ2sd1o,http://pbs.twimg.com/media/FYo1Pq0XkAEflsM.jpg,NA,NA,NA,NA,NA,NA,racist,minority,NA,NA,NA,NA
1563689088980508673g,@LemlemTigest Listen! former Tigray Ethiopians https://t.co/l1jg8PkHvN,http://pbs.twimg.com/media/FbNW7-RXgAkID6L.jpg,NA,NA,NA,NA,NA,NA,ethiopian,black,ethiopians,black,NA,NA
1511137415859261450g,#blm https://t.co/Uytdoinqtt,http://pbs.twimg.com/ext_tw_video_thumb/1511137391259574279/pu/img/rJy__uJ6rTXpkumy.jpg,NA,NA,NA,NA,NA,NA,blm,black,NA,NA,NA,NA
1605547804138561542g,@mjgranger1 @michelle__703 You think that because you don't know shit about Indian history/culture &amp; these racist team names/mascots https://t.co/Gb97nX1Qhc,http://pbs.twimg.com/tweet_video_thumb/FkgNNAIWAAQR8Aw.jpg,NA,NA,NA,NA,NA,NA,racist,minority,NA,NA,NA,NA
1562266073482895360g,"Let me make something very clear, if a white republican talks to black babies he just wants votes if he ignores the inner city he is racist. This dude doesn‚Äôt need the job and most blacks are voting for @Tony4WI , hmmm, maybe he actually cares. @JayWeber3 @newstalk1130 https://t.co/RUdVM6owOT",http://pbs.twimg.com/media/Fa5ItrvXkAAfUXN.jpg,bi,bisexual,NA,NA,NA,NA,blacks,black,racist,minority,NA,NA
1586556140653285376g,We stand with our brave and unwavering Iranian women and girls from near and far. Woman. Life. Freedom. https://t.co/VUKeKuk4U2,http://pbs.twimg.com/media/FgSUZnNaEAUt_dR.jpg,NA,NA,NA,NA,NA,NA,irani,middle eastern,iranian,middle eastern,NA,NA
1521172256763826178g,@MadiBoity @CyrilRamaphosa said he fears f*k*l but runs away from BLACK PEOPLE on Workers Day 2022! https://t.co/NYChWybp4a,http://pbs.twimg.com/ext_tw_video_thumb/1521104906786119681/pu/img/OP393zEgTIVHMhVf.jpg,NA,NA,NA,NA,NA,NA,black people,black,NA,NA,NA,NA
1587895232816771072g,"@Troopaloop @Stephdurann @Alean4 @KeneAkers I wouldn't even converse with this genius, just a countdown to them calling you racist while being racist themselves lol https://t.co/T1khcUf37O",http://pbs.twimg.com/media/FglWTLqXwAMVy7b.jpg,NA,NA,NA,NA,NA,NA,racist,minority,NA,NA,NA,NA
1583960401032552449g,An old man protesting an anti -first amendment president in Sioux Falls South Dakota https://t.co/ROPQziWZlJ,http://pbs.twimg.com/media/Fftbga2WIAAAK0S.jpg,NA,NA,NA,NA,NA,NA,sioux,native american,NA,NA,NA,NA
1575059696104267776g,A lead in another transgender murder. https://t.co/oF35RFySDA,http://pbs.twimg.com/media/Fdu8cY8XEAI5LbZ.jpg,trans,transgender,transgender,transgender,NA,NA,NA,NA,NA,NA,NA,NA
1603056000709398534g,vaccines are gay üëéüèªüëéüèªüëéüèªüëéüèæ https://t.co/Yc2h5fhpZm,http://pbs.twimg.com/media/Fj8y7nqXkAAziiZ.jpg,gay,gay,NA,NA,NA,NA,NA,NA,NA,NA,NA,NA
1598297440964120576g,So our IPhones were made in China. Does that mean that the Chinese know what kind of porno I‚Äôm into? https://t.co/AFtwJMuofH,http://pbs.twimg.com/tweet_video_thumb/Fi5LCpWUcAIjY6-.jpg,NA,NA,NA,NA,NA,NA,chinese,asian,NA,NA,NA,NA
1576901834358149120g,Seems accurate‚Ä¶ They care about your children‚Äôs pronouns; but they don‚Äôt care if your child gets a bad dose of fentanyl! https://t.co/FC7iYcgyTN,http://pbs.twimg.com/media/FeJH3HbWAAAgxYD.jpg,pronouns,lgbtq+,NA,NA,NA,NA,NA,NA,NA,NA,NA,NA
1517568792267616256g,"TX: Confirmed with several law enforcement officials, a @TXMilitary guardsman drowned this morning in Eagle Pass during a water rescue involving migrants crossing the Rio Grande. Details are limited‚Äî Will update as I get more information. @RepTonyGonzales posted about the loss: https://t.co/ax8N4lf04Y",http://pbs.twimg.com/media/FQ98xgJUUAAeL6n.jpg,NA,NA,NA,NA,NA,NA,migrant,immigrant,migrants,immigrant,NA,NA
1572042369725353991g,To when racism was at an all-time high. https://t.co/YU9zwP11DI,http://pbs.twimg.com/media/FdEENE4XkAACdM9.jpg,NA,NA,NA,NA,NA,NA,racism,minority,NA,NA,NA,NA
1585936975378407424g,@AbbottCampaign @GregAbbott_TX ??? #BackTheBlue? This is tragic https://t.co/3p4pKwxEqO,http://pbs.twimg.com/media/FgJhRelXkAIdS9g.jpg,NA,NA,NA,NA,NA,NA,backtheblue,black,NA,NA,NA,NA
1594898584096632835g,"Say it ain't so, no more Taliban https://t.co/WyLGU8ldV3",http://pbs.twimg.com/media/FiI3zrDVEAAARxl.jpg,NA,NA,NA,NA,NA,NA,taliban,middle eastern,NA,NA,NA,NA
1598511977865052160g,"@stephenasmith from @etanthomas36 , this is why it matters! Your wack ass was out of pocket for attempting to defend the racist. https://t.co/mBqCCuGwaQ",http://pbs.twimg.com/media/Fi8OKxeVsAAxOgz.jpg,NA,NA,NA,NA,NA,NA,poc,minority,racist,minority,NA,NA
1489555914533261315g,"@RBReich We don't give a fuck. We would like to end this progressive socialist agenda that is destroying the America economy. We want national security at the border. This President and your party has total disregard for the law &amp; allows illegals,drugs, criminals and even terrorists in. https://t.co/Dvn1H79meM",http://pbs.twimg.com/media/FKv3NauXMAU8mMn.jpg,NA,NA,NA,NA,NA,NA,illegals,immigrant,NA,NA,NA,NA
1544355700175953921g,@GavinNewsom the Florida governor deleted my tweet when ask about gay couples being accepted #cnn #dontsaygay @donlemon @ananavarro @JoeBiden @GovRonDeSantis @FoxNews @wolfblitzer @StephenKing @LilNasX https://t.co/zQ2TrbQq2V,http://pbs.twimg.com/media/FW6nUqhWQAAFqRf.jpg,bi,bisexual,gay,gay,NA,NA,NA,NA,NA,NA,NA,NA
1557593610039676931g,@Gale_Kramer1 @Jim11936689 @Dune_Moon_ @RepGosar Ok groomer https://t.co/dzKtBkt3cA,http://pbs.twimg.com/media/FZ2vIgOVEAAT1Cl.jpg,groomer,transgender,NA,NA,NA,NA,NA,NA,NA,NA,NA,NA
1490026899128606723g,@WalshFreedom @TPBlue4 And has been racist for decades... https://t.co/tTJ8N2H92y,http://pbs.twimg.com/media/FK2jkElWYAYg40m.jpg,NA,NA,NA,NA,NA,NA,racist,minority,NA,NA,NA,NA
1550552808864321537g,The beginning of a massive food shortage is a damn good time to deport 30-40 million illegals !!!!!! https://t.co/wjsYSuZHQG,http://pbs.twimg.com/media/FYSrkCIWQAEiSd2.jpg,NA,NA,NA,NA,NA,NA,deport,immigrant,illegals,immigrant,NA,NA
1596965243527499777g,"@Sofiagains The evolution of Black representation, What does buying black mean? It's simply black capitalism ‚Äì a way to build wealth in the black community by encouraging black people to spend their money with black entrepreneurs #BlackTwitter @NYCDSSCommr @NYCMayor https://t.co/ythJ4NSNJP",http://pbs.twimg.com/ext_tw_video_thumb/1596964172151066632/pu/img/6a6rgAe-gPqulBKC.jpg,NA,NA,NA,NA,NA,NA,black people,black,blacktwitter,black,NA,NA
1592324521226555392g,Poor white guy was #triggered about a discussion on race so in response he goes full out #bigot for the world to see. https://t.co/VXXSA8SL7O,http://pbs.twimg.com/media/FhkStddXEAAzFkD.jpg,bi,bisexual,NA,NA,NA,NA,white guy,white,NA,NA,NA,NA
1517385019987492864g,NOT OUR GOVERNMENT #Enemies Of üá∫üá∏ WHY #OpenBorders #StopPipe #VoterFraudMailIn #Racism #Soros #NoBail #ProCrimeDA #AntiPolice #DeFundPolice #RINOS #NoJustice @JudgeJeanine @ThomasPKennedy3 @ClubSpeaks @Vento921 @clamsroll @bobsacard @realsusanq @RudyGiuliani @mchooyah @KayHair1 https://t.co/wtAt19PewH,http://pbs.twimg.com/media/FQ7VoXNXEAEzqZP.jpg,terf,transgender,NA,NA,NA,NA,openborders,immigrant,racism,minority,soros,jewish
1555999761286631424g,@MarkoSilberhand Where are all the black people for Trump?ü§¨ https://t.co/b7eCG7eUGH,http://pbs.twimg.com/tweet_video_thumb/FZgFh3eUcAADUOb.jpg,NA,NA,NA,NA,NA,NA,black people,black,NA,NA,NA,NA
1542179739984695297g,Moral of the story. üó£Black man protect your seeds‚ÄºÔ∏è https://t.co/AU6brN2Tcn,http://pbs.twimg.com/media/FWbsTH8XgAAtRks.jpg,NA,NA,NA,NA,NA,NA,black man,black,NA,NA,NA,NA
1584909879600455684g,The story of the two Chinese intelligence agents is getting little coverage. https://t.co/FvgewMx8n9,http://pbs.twimg.com/tweet_video_thumb/Ff67II5WYAQCdRS.jpg,NA,NA,NA,NA,NA,NA,chinese,asian,NA,NA,NA,NA
1509739477446668326g,Tonite was the perfect reminder of why I worship the almighty God Pluto cause it‚Äôs rough out here for niggas expressing their emotions #StoryTimeWithShanny #AdventuresWithSunshine #PainInTheRain https://t.co/2c2LeXAtBb,http://pbs.twimg.com/media/FPOsDQeXMAIwGkf.jpg,NA,NA,NA,NA,NA,NA,nigga,black,niggas,black,NA,NA
1511347321690365972g,@SenatorTimScott Imagine being one of 3 black senators; one of only 11 blacks to ever serve in the senate and you vote against the first black woman ever appointed to the SCOTUS. https://t.co/QzchAZdCOi,http://pbs.twimg.com/media/FPliYT0XsAEPQ0O.jpg,NA,NA,NA,NA,NA,NA,black woman,black,blacks,black,NA,NA
1569360360507064321g,If the border is secure then why has enough fentanyl entered this country to kill every American 5Xs? If the border is secure then why is there a humanitarian crisis along the border? If the border is secure then why do Mexican drug cartels have operational control of it? https://t.co/2wiPC8nBp3,http://pbs.twimg.com/ext_tw_video_thumb/1569360178952249349/pu/img/Z4h0TUcKej6RbO2C.jpg,NA,NA,NA,NA,NA,NA,mex,hispanic,mexican,hispanic,NA,NA
1496222079821443074g,"#RussiaUkraineCrisis Modus operandi: #Biden just walks off, no questions from reporters. üò† Never Forget #Afghanistan https://t.co/cobzrxFvFX",http://pbs.twimg.com/ext_tw_video_thumb/1496222022958940161/pu/img/AldEZt91GKWZgUt3.jpg,bi,bisexual,NA,NA,NA,NA,afghanistan,middle eastern,afg,middle eastern,afghan,middle eastern
1589776267855147009g,"@JoJoFromJerz @elonmusk You're confused about the party that's ""pro-insurrection."" Democrats started the Civil War so they could keep blacks in slavery. That's a fact. Maybe ""Cancel Culture"" should cancel the democratic party. https://t.co/bmTxz9aVpb",http://pbs.twimg.com/media/FhAFFcKVsAATi7H.jpg,NA,NA,NA,NA,NA,NA,blacks,black,slavery,black,NA,NA
1558555402035503106g,I‚Äôma be EXTRA gay for this #RENAISSANCE tour https://t.co/6irKFt9bHN,http://pbs.twimg.com/media/FaEZ3vtX0AMfp9R.jpg,gay,gay,NA,NA,NA,NA,NA,NA,NA,NA,NA,NA
1555895626470080512g,@mikepompeo Mike Pompeo gave Afghanistan back to the Taliban. He should just shut up. https://t.co/BACxncSQ7Y,http://pbs.twimg.com/media/FZem03KVQAIDmSS.jpg,NA,NA,NA,NA,NA,NA,afghanistan,middle eastern,afg,middle eastern,afghan,middle eastern
1522777144430145536g,Well? Is this racist enough for you??? https://t.co/9UVDsc3itG,http://pbs.twimg.com/media/FSH9vdeXMAALEmt.jpg,NA,NA,NA,NA,NA,NA,racist,minority,NA,NA,NA,NA
1598335365437333505g,GOOD MORNING CHOCTAW NATION https://t.co/RSlD3SxEGa,http://pbs.twimg.com/media/Fi5tin-WQAEgawL.jpg,NA,NA,NA,NA,NA,NA,choctaw,native american,choctaw nation,native american,NA,NA
1566611367385333760g,"@mikepompeo The worst thing you did was negotiate releasing 5,000 Taliban fighters and steal from the US to promote your political career. #hypocrite #TraitorTrumpEnabler https://t.co/o4gnlXaSk1",http://pbs.twimg.com/media/Fb24uFMWYAchkDQ.jpg,NA,NA,NA,NA,NA,NA,taliban,middle eastern,NA,NA,poc,minority
1571296632410365953g,The Feds shipping literally hundreds of thousands of illegal aliens around the country in the middle of the night and then threatening to sue/jail @RonDeSantisFL for sending 50 is the perfect encapsulation of the Biden Administration‚Äôs primary ethos. https://t.co/KwBnM77KYS,http://pbs.twimg.com/media/Fc5d9fWWIAEWnzy.jpg,bi,bisexual,NA,NA,NA,NA,illegal alien,immigrant,illegal aliens,immigrant,NA,NA
1556007123439345664g,@Wakee47069271 @DTrumpublicans @blueheartedly How so? When the Republican Party has done more for minorities than the D-Rats? https://t.co/NnI0guS97p,http://pbs.twimg.com/media/FZgMOyVUYAAxUWM.jpg,NA,NA,NA,NA,NA,NA,minorities,minority,NA,NA,NA,NA
1608451713866035202g,@kevrector @bvdbrug End the War on drugs if you making money off weed and our Bkack and Latino communities. MASS INCARCERATION plus weed profits @CIA @erekbarron @baltbeat @MikenzieFrost @CivilRights @DoNotGiveUpHope @BmoreBloc @amnestyusa @Smith4Delegate @SpeakerAJones @JonCardin @wjz #MicCheck $$ https://t.co/ogpeXPNuwh,http://pbs.twimg.com/media/FlJeSUiXgAAlTEt.jpg,NA,NA,NA,NA,NA,NA,latino,hispanic,NA,NA,NA,NA
1550462860052123649g,@PearsonSharp @waikomokane Didn‚Äôt help SleepyEyed Joe avoid the China virus‚Ä¶ https://t.co/62NNzjXqVO,http://pbs.twimg.com/media/FYRZwNoWAAA8eoP.jpg,NA,NA,NA,NA,NA,NA,china virus,asian,NA,NA,NA,NA
1552403229157236740g,"@AdamKinzinger Ya know, you probably aren‚Äôt wrong‚Ä¶but it‚Äôs still sad that ‚Äúpronouns‚Äù are so off-putting that some folks would actually base their vote on nonsense culture war issues - that will have zero effect and make zero difference on governance no matter who wins any given election. #sad https://t.co/dBiNg03z83",http://pbs.twimg.com/tweet_video_thumb/FYs-ga5WYAAteIe.jpg,bi,bisexual,pronouns,lgbtq+,NA,NA,NA,NA,NA,NA,NA,NA
1542891996758429697g,Congratulations Republicans you have become the American Taliban. https://t.co/Mri2iwguvf,http://pbs.twimg.com/media/FWl0DwEVQAE1IRJ.jpg,NA,NA,NA,NA,NA,NA,taliban,middle eastern,NA,NA,NA,NA
1573062466292293632g,@TheRickyDavila I wonder if you can be sued for slander? KKK? https://t.co/SpxxxwOFsp,http://pbs.twimg.com/tweet_video_thumb/FdSj-UaXwAAlwmV.jpg,NA,NA,NA,NA,NA,NA,kkk,white,NA,NA,NA,NA
1598341782345248769g,@Shirley43922126 @RealJayWilliams @KeyJayandMax @FirstTake Drama good lord you just want to be offended. You are part of the problem. Your being offended by anything a white person does is racist. https://t.co/4v0NZpTwkc,http://pbs.twimg.com/tweet_video_thumb/Fi5zX7sVIAAor6l.jpg,NA,NA,NA,NA,NA,NA,racist,minority,NA,NA,NA,NA
1545351851377274880g,#lesbian #lesbianlove #strapon #guyshit #guycode #menshumor #thatsthatbullshit #comeonnow #bruh #missmewiththebullshit https://t.co/VtoWWQ7VPX,http://pbs.twimg.com/media/FXIxUfBVsAA0d5e.jpg,bi,bisexual,NA,NA,lesbian,lesbian,NA,NA,NA,NA,NA,NA
1521393577951174656g,@JohnFetterman ABORTION IS NOT A METHOD OF BIRTH CONTROL. IT IS A RACIST ABOMINATION #ABORTIONISMURDER The queen of the left agrees https://t.co/CzbmzqJYOg,http://pbs.twimg.com/media/FR0TZV8X0AAcyZt.jpg,bi,bisexual,NA,NA,NA,NA,racist,minority,NA,NA,NA,NA
1564745665804222464g,Andi Dorfman in season *10* was the FIRST female Jewish contestant on the Bachelor?!?! cc @hey_alma https://t.co/vGPXFzgPy5,http://pbs.twimg.com/media/FbcX45vX0AASSBw.jpg,NA,NA,NA,NA,NA,NA,jewish,jewish,jew,jewish,NA,NA
1609037294425591810g,@biforvi Zurg is gay? I knew it! https://t.co/UbarAG95lZ,http://pbs.twimg.com/media/FlRy5IyXoAACAHx.jpg,bi,bisexual,gay,gay,NA,NA,NA,NA,NA,NA,NA,NA
1506745640658915332g,The most racist city in America welcome to Wichita and the leadership there oh my God they're so incredibly naive. Meanwhile they say nothing about the atrocities that go on in that City every day 24/7. https://t.co/Cp56sbJrAc,http://pbs.twimg.com/media/FOkJLNYWQAUKGzK.jpg,NA,NA,NA,NA,NA,NA,racist,minority,NA,NA,NA,NA
1555379260218646533g,@GOPChairwoman Trump &amp; Pompeo were architect of the Afghanistan withdrawal and set the withdrawal in motion. https://t.co/GI3V9MFXdB,http://pbs.twimg.com/media/FZXRMYeXwAAqaWf.jpg,NA,NA,NA,NA,NA,NA,afghanistan,middle eastern,afg,middle eastern,afghan,middle eastern
1540066535661764609g,"I will NEVER cease to support our men &amp; women in uniform. While some violate their oath and a few even fail to perform their duty, these failures do not define the whole. The great majority of our law enforcement serve with honor &amp; distinction. @ChiefBowiePD #BackTheBlue https://t.co/ZvN5hkaW5i",http://pbs.twimg.com/tweet_video_thumb/FV9qWP5WIAEw3fJ.jpg,NA,NA,NA,NA,NA,NA,backtheblue,black,NA,NA,NA,NA
1517960018129207302g,"""Never will I leave you; never will I forsake you"" Hebrews 13:5 . @PepsiCo: You sure? #God: WTF? . üî•üî•‚õ∞üî•üî• #MtNDew #FlaminHot #Hewbrews135 #DoTheDew #WTF #HotCheetos #Memes https://t.co/3nXVKbQAyV https://t.co/X6trC0Fq63",http://pbs.twimg.com/media/FRDgk7YX0AATUD9.jpg,NA,NA,NA,NA,NA,NA,hebrews,middle eastern,NA,NA,NA,NA
1485281292145106950g,"@SenMclendon, tell me you're racist without telling me you're racist. https://t.co/TmaugLsvmO",http://pbs.twimg.com/media/FJzHdjVWYAI0tsW.jpg,NA,NA,NA,NA,NA,NA,racist,minority,NA,NA,NA,NA
1605708922387431424g,@Timcast This apparently makes Prager a racist... https://t.co/lSeqTp1GUS,http://pbs.twimg.com/media/FkifwW5XgAABAZ7.jpg,NA,NA,NA,NA,NA,NA,racist,minority,NA,NA,NA,NA
1498035402233557001g,"#NowReading the last of 5 books for #BlackHistoryMonth ""The Transatlantic Slave Trade"". Actually, I'm almost finished, but it doesn't end with this month. I just dedicate my viewing, book reading and research to learning more about our past. #BlackLivesMatter #KnowYourHistory https://t.co/OdxHtiMyO2",http://pbs.twimg.com/media/FMoXMpnXwAIzThw.jpg,trans,transgender,NA,NA,NA,NA,#blacklivesmatter,black,blacklivesmatter,black,NA,NA
1545926013674262528g,Jason black is on it baby Arrest that f****** negro district attorney and that negro sheriff believe the white woman alone LOL https://t.co/T9hCFwptgH,http://pbs.twimg.com/media/FXQ7hGdWYAEWa5h.jpg,NA,NA,NA,NA,NA,NA,negro,black,NA,NA,white woman,white
1602160612028489728g,"Y la raza tronando cuetes y cuetes, se los deber√≠an tronar en el puto culoüò° https://t.co/kBtl1dOOuO",http://pbs.twimg.com/media/FjwElaVUoAAvI37.jpg,NA,NA,NA,NA,NA,NA,raza,hispanic,NA,NA,NA,NA
1568089973760589824g,"@therealvito265 @msolurin Mikey T, You‚Äôre a racist, misogynist, apologist, fascist and other ‚Äúists‚Äù not too flattering.. https://t.co/hH1FSSPDvs",http://pbs.twimg.com/tweet_video_thumb/FcL5hHxaMAEOSDY.jpg,NA,NA,NA,NA,NA,NA,racist,minority,NA,NA,NA,NA
1535063495179665408g,Stop Animal Slavery! Slavery does not discriminate but humans do! https://t.co/R2km6loBd4,http://pbs.twimg.com/media/FU2kHRZWIAojNh0.jpg,NA,NA,NA,NA,NA,NA,slavery,black,NA,NA,NA,NA
1609052584970694656g,Again one of Israel‚Äôs Terrorists - black male - in loitering in the parking lot of my work place in a green vehicle !! BECAUSE YOU ARE ALL SCUM POLITICIANS @JoeBiden @VP @realDonaldTrump https://t.co/FUhYZndNCv,http://pbs.twimg.com/media/FlSAyyyacAACbFM.jpg,bi,bisexual,NA,NA,NA,NA,black male,black,NA,NA,NA,NA
1572021258333859841g,"@60Minutes Bowing down to the Iranians with the head scarf. Is she Muslim? @60Minutes ? Is she lying, again? https://t.co/uGl5SYG7hD",http://pbs.twimg.com/media/FdDxAOpXEAApjW9.jpg,NA,NA,NA,NA,NA,NA,irani,middle eastern,iranian,middle eastern,muslim,middle eastern
1556995957077729280g,If you are new to following me welcome ü§ó . The fight against the ASWB and racist/oppressive systems within Social Work is VERY personal for me. This isn‚Äôt a time to be ‚Äúcentrist‚Äù or ‚Äúneutral‚Äù we need BOLD solutions now! 2025 is too damn long!! https://t.co/IfW4oClGmI,http://pbs.twimg.com/tweet_video_thumb/FZuPj22XoAMro0p.jpg,NA,NA,NA,NA,NA,NA,racist,minority,NA,NA,NA,NA
1496201960810323989g,Damn shame mfs out here doin to white ppl what was done to them/they feel was done to them in the past &amp; the wack thing is WE SUPPOSE 2 BE BETTER THEN THIS ‚ùó then &amp; now smfh üñê out here promotin hate &amp; serrations üíØ https://t.co/rkqI28EiS2,http://pbs.twimg.com/media/FMOTwEBXMAUUFJe.jpg,NA,NA,NA,NA,NA,NA,white ppl,white,NA,NA,NA,NA
1561017322776809472g,"It's national latina day. This has been me the last few years. This past week was especially difficult, but don't know why. https://t.co/MAOXuDwQyM",http://pbs.twimg.com/media/FanY-0aWAAAMFvL.jpg,NA,NA,NA,NA,NA,NA,latina,hispanic,NA,NA,NA,NA
1496306219396521986g,Blue Lives Batter https://t.co/d9xmnU5MXj,http://pbs.twimg.com/media/FMPyk7yXwAMtQnj.jpg,NA,NA,NA,NA,NA,NA,blue lives,black,NA,NA,NA,NA
1566789590366781440g,Year Of Purpose 2022 #BlackLivesMatter https://t.co/hlyPGtBJAD,http://pbs.twimg.com/media/Fb5a1EUXgAArjkT.jpg,NA,NA,NA,NA,NA,NA,#blacklivesmatter,black,blacklivesmatter,black,NA,NA
1534710184202878977g,The left accidently admitted gun control is racist https://t.co/wPcuWJqLA1,http://pbs.twimg.com/media/FUxix5JXoAI-w_P.jpg,NA,NA,NA,NA,NA,NA,racist,minority,NA,NA,NA,NA
1517601502214336512g,@marcorubio Little Marco you are Cuban-American with Russian influence https://t.co/2G3Pg6XAlI,http://pbs.twimg.com/media/FQ-ahaIVkAACWPp.jpg,bi,bisexual,NA,NA,NA,NA,cuban,black,NA,NA,NA,NA
1568372187027099649g,@farores_winds Let's get Chinese Twitter in here too because of the opium trade https://t.co/CZKerlye9G,http://pbs.twimg.com/media/FcP6MSWaIAAAeYq.jpg,NA,NA,NA,NA,NA,NA,chinese,asian,NA,NA,NA,NA
1527291127400783874g,@Qwort3 @Vickermannen @keffals @melinagoranson But Melina like transphobia from nazis. That's pretty neat. https://t.co/yldB41OCoi,http://pbs.twimg.com/media/FTIHA8_XsAA35Cw.jpg,bi,bisexual,trans,transgender,transphobia,transgender,nazis,white,NA,NA,NA,NA
1531388851691864073g,"On #MemorialDay2022, we remember the thousands of Filipino and American troops who stood and fell together in the #Philippines during #WWII. @PHinNewYork https://t.co/HyExlcyx1Q",http://pbs.twimg.com/media/FUCWCr9WAAIR2ir.jpg,NA,NA,NA,NA,NA,NA,filipino,asian,philippine,asian,NA,NA
1507144651383398400g,THEY COULDN'T HANDLE A STRONG BLACK WOMEN HAVING LIFE TIME APPOINTMENT FOR THE US SUPREME COURT PERIOD. https://t.co/LV4DLjDwWW,http://pbs.twimg.com/media/FOp0EunXIAgaRtL.jpg,NA,NA,NA,NA,NA,NA,black women,black,NA,NA,NA,NA
1574050214645637121g,"Here are the facts-The gross domestic product of U.S. Latinos was $2.8 trillion in 2020, larger than that of the United Kingdom, India, France, &amp; Italy. Latinos grew at the 3rd fastest pace among the 10 largest economies. #Latinos https://t.co/eRl5ds37cx",http://pbs.twimg.com/media/FdgmU5aVQAAbUle.jpg,NA,NA,NA,NA,NA,NA,latino,hispanic,NA,NA,NA,NA
1516226235449450501g,@darksumarin @jpalmieri_15 @alexandreruiz regardez qui viendra au soutenir Team Canada durant la coupe du monde? FYI - Sa femme est de Vancouver https://t.co/l274DsmwYh,http://pbs.twimg.com/media/FQq3uU7XEAYYWFF.jpg,femme,transgender,NA,NA,NA,NA,NA,NA,NA,NA,NA,NA
1507728002003705856g,@downtown7thave @TonightHere @kasisnotabot Yeah since the 70s but we haven't been poor majority... along time you don't know anything about this city stay your ass in Midwest or Northeast..... we had the richest negro street on that's sweat auburn 1900-1950s literally you really doesn't know anything same as these folks https://t.co/u9237wEG21,http://pbs.twimg.com/media/FOyGmy-XsAQVdAh.jpg,NA,NA,NA,NA,NA,NA,negro,black,NA,NA,NA,NA
1522344148686323713g,"@marcorubio Marco wants to turn the clock back to the time that Negroes knew their place and women were happy making biscuits in the kitchen, and employers could pay their workers anything they wanted and the question of who got to vote was decided by a few white men in a smoke-filled room. https://t.co/7ws9QEZMQe",http://pbs.twimg.com/media/FSBz7yLXwAEt4mc.jpg,bi,bisexual,NA,NA,NA,NA,negro,black,negroes,black,white men,white
1571885031806898176g,@GovRonDeSantis FL is full of ignorant racists https://t.co/XndtmkiqTi,http://pbs.twimg.com/media/FdB1Go7WQAciKMi.jpg,NA,NA,NA,NA,NA,NA,racist,minority,racists,minority,NA,NA
1572845315236962306g,"Nigerian Youths shine your eyes and don‚Äôt allow these looters/old cargoes to ruin your future. @PeterObi is the way forward, he can do it. #VoteWisely #dontsellyourvote #OBIDIENTS #ObiDatti2023 https://t.co/CZdyQBwvZt",http://pbs.twimg.com/media/FdPeellXkAAL_-p.jpg,bi,bisexual,NA,NA,NA,NA,nigeria,black,nigerian,black,NA,NA
1481924710967484418g,@GeorgeAnders007 Great farmajo is this. Look well puppie. He is the man slept all stooges foreigners. https://t.co/7IITlHM3tN,http://pbs.twimg.com/media/FJDaqraXIAEHtif.jpg,NA,NA,NA,NA,NA,NA,foreigner,immigrant,foreigners,immigrant,NA,NA
1518975958379679746g,Gay doesnt equal pedophile REPUBLICAN DOES THOUGH https://t.co/sKS5mgur0V,http://pbs.twimg.com/media/FRR8kkEVEAI-vcs.jpg,gay,gay,NA,NA,NA,NA,NA,NA,NA,NA,NA,NA
1477331121302118402g,3 things black people can't hold on to in 2022 üó£üó£üó£ https://t.co/rJgisPMZs3,http://pbs.twimg.com/ext_tw_video_thumb/1477331091098902528/pu/img/hPdqXvRgLi29WVaC.jpg,NA,NA,NA,NA,NA,NA,black people,black,NA,NA,NA,NA
1589438148937125888g,@sqL_handLe Perhaps from people who hate Nazis? https://t.co/sfa6dpRZBk,http://pbs.twimg.com/tweet_video_thumb/Fg7RkUrWQAEHPcp.jpg,NA,NA,NA,NA,NA,NA,nazis,white,NA,NA,NA,NA
1532360803143151616g,"#pronouns he, her, it, your mom https://t.co/HyfqlzOzAW",http://pbs.twimg.com/media/FUQKBy3UYAAyDkj.jpg,pronouns,lgbtq+,NA,NA,NA,NA,NA,NA,NA,NA,NA,NA
1581824762187161601g,Andrei believe that it's Libby's family had something to do with talking to immigration office about his past and Libby doesn't believe it #90DayFianceHappilyEverAfter #90DayFiance https://t.co/Oudxwc4SEr,http://pbs.twimg.com/tweet_video_thumb/FfPFOuQXEAE3HnF.jpg,NA,NA,NA,NA,NA,NA,immig,immigrant,immigration,immigrant,NA,NA
1540078447996932097g,Attacks on Asian NYers are a frequent occurrence. Our streets and subways must be made safe. We need solutions that work. Join us tomorrow 10am on the steps of City Hall. @InnaVernikov https://t.co/mEK52artLr,http://pbs.twimg.com/media/FV91L49WQAgE0_F.jpg,NA,NA,NA,NA,NA,NA,asian,asian,NA,NA,NA,NA
1529539331211526144g,"@jafiny1971 @caslernoel I s'pose that from their perspective, it's a logical next step. ""Assuming ya can't reduce the ease of gun acquisition; How do the Israeli schools handle this lone, crazed shooter issue?"" Maybe we need to think long term v short term tactics.ü§î Gun Reform; but in the meantime...? https://t.co/Z7VXhiDZw6",http://pbs.twimg.com/media/FToD5kNacAEW2Tq.jpg,NA,NA,NA,NA,NA,NA,israeli,middle eastern,NA,NA,NA,NA
1591503005010268161g,@AlecBaldwinShow @AlecBaldwin @AlecBaldwln____ Build a WALL. https://t.co/IWWytOSkHj,http://pbs.twimg.com/tweet_video_thumb/FhYm4mSXwAEf27E.jpg,NA,NA,NA,NA,NA,NA,build a wall,hispanic,NA,NA,NA,NA
1581741843364032513g,@StephenM Stephen HATES immigrants. https://t.co/x7fV0v9z9d,http://pbs.twimg.com/media/FfN50pUVsAAVhiU.jpg,NA,NA,NA,NA,NA,NA,immig,immigrant,immigrant,immigrant,immigrants,immigrant
1508005566236536838g,Prayz yah ..yeah baby the guy with the odd fingers and nails hes ah real alien and he works 4 m.e and the reasons they are hepling the Ukraine is because of Albanians...kim Kardashian..types ..and munic types os so called white people live in Trinidad https://t.co/RA41OfrRYr,http://pbs.twimg.com/media/FO2DC2jX0AQpnJs.jpg,NA,NA,NA,NA,NA,NA,white people,white,NA,NA,NA,NA
1586037932061732864g,@EliseStefanik Trump is a racist idiot and so are his followers. https://t.co/wUlILnjHiI,http://pbs.twimg.com/media/FgK9GApVsAEwesU.jpg,NA,NA,NA,NA,NA,NA,racist,minority,NA,NA,NA,NA
1607103544213098498g,@lindyli Were do you put 2.7 million people? This policy is wrong remain in Mexico requirement would slow this down. People are dying with drugs cartels running the Mexican border making billions on human trafficking! Who calls any of this humane! #BidenBorderCrisis https://t.co/eIk225maoH,http://pbs.twimg.com/media/Fk2UKD0XEAAywOk.jpg,bi,bisexual,NA,NA,NA,NA,mex,hispanic,NA,NA,mexican,hispanic
1582205882662027265g,@StephenM You are a racist. Just a reminder https://t.co/huFWuAWUtD,http://pbs.twimg.com/tweet_video_thumb/FfUf27zWYAAT1lU.jpg,NA,NA,NA,NA,NA,NA,racist,minority,NA,NA,NA,NA
1501589819675267073g,NIGERIA WE HAIL THEE üôåüôèüëèüá≥üá¨ üí• INEQUALITY of Life in Nigeria... Received üëá... https://t.co/Fl5L80PJzJ,http://pbs.twimg.com/ext_tw_video_thumb/1501589785302994946/pu/img/71ot90JW0diQHabd.jpg,NA,NA,NA,NA,NA,NA,nigeria,black,NA,NA,NA,NA
1589509441552273408g,@AlCappuccinoIT Then they decide to say ‚Äúfuck no I‚Äôm not getting that left wing nut job liberal Jewish space laser injection‚Äù Intelligent they‚Äôre not. https://t.co/VrZ0hih0yi,http://pbs.twimg.com/tweet_video_thumb/Fg8SZrvUoAAIN24.jpg,NA,NA,NA,NA,NA,NA,jewish,jewish,jew,jewish,NA,NA
1498114087858802695g,@sethweathers You would have bent over and taken it happily when the Nazis invaded Europe wouldn't ya? #PutinsPuppet #PutinsBitch https://t.co/Kya3tMFn3o,http://pbs.twimg.com/tweet_video_thumb/FMpe0f8VEAAt1IE.jpg,bi,bisexual,NA,NA,NA,NA,nazis,white,NA,NA,NA,NA
1495481409049591810g,@OneGoodMan77 @JustinTrudeau #TrudeauNationalDisgrace remember the time he took a knee for BLM but refuses to meet his own hardworking #CanadaTruckers https://t.co/YeVIbqrgue,http://pbs.twimg.com/media/FMEEajsVEAANbR-.jpg,NA,NA,NA,NA,NA,NA,blm,black,NA,NA,NA,NA
1593122506126155776g,@KelseyHtheModel @Jules31415 @realjasonmaples A so called celebrity actor has an opinion on President Trump? My pronouns are fuck/off. Stupidity is obviously a side effect of Trump Derangement Syndrome. #BidenWorstPresidentEver @JohnLeguizamo https://t.co/HUkIyMMqPY,http://pbs.twimg.com/media/FhvoedzXkAEJjJ3.jpg,bi,bisexual,pronouns,lgbtq+,NA,NA,NA,NA,NA,NA,NA,NA
1487991516375269377g,@SenRickScott And they protected the biggest Jewish guy ever ! https://t.co/oCadw81rqq,http://pbs.twimg.com/media/FKZoZX0WQAIf75P.jpg,bi,bisexual,NA,NA,NA,NA,jewish,jewish,jew,jewish,NA,NA
1569337273292066818g,"I often hear on FOX constant criticism against China for ‚§µÔ∏è calling Govt censorship a restriction of ""basic rights"" then tarnishing Chinese Leadership calling them ‚§µÔ∏è‚§µÔ∏è To summarize, FOX believes leaders who restrict online access to the people are ""unfit"" to Govern a country. https://t.co/5TaXMG9myO",http://pbs.twimg.com/media/Fcdn61pXkAM8fkS.jpg,NA,NA,NA,NA,NA,NA,chinese,asian,NA,NA,NA,NA
1587052170506997765g,@Central42092412 @RuthieCA123051 @bennyjohnson Ching chong ding dong! https://t.co/F3vVsjeGd2,http://pbs.twimg.com/media/FgZXictaEAEb15W.jpg,NA,NA,NA,NA,NA,NA,ching chong,asian,NA,NA,NA,NA
1478426765315870724g,@DianaBubby729 Racists are stupid people ‚Ä¶ https://t.co/QSc2CyRY3f,http://pbs.twimg.com/media/FIRtTkrVQAI-cmf.jpg,NA,NA,NA,NA,NA,NA,racist,minority,racists,minority,NA,NA
1564253881030279168g,@SheriffClarke STRAWBOSS Clarke Amerikkki Favorite Token Boy And Trumps African American! Shine Them Shoes Boy! https://t.co/swonMdp7Q7,http://pbs.twimg.com/media/FbVYnabWIAEPw13.jpg,NA,NA,NA,NA,NA,NA,african american,black,kkk,white,NA,NA
1569072344848814080g,@livelife1964 @SteelerGirl7777 @HellBoundReaper @TigerMan5050 No racism hereüôÑ https://t.co/k4rylGqS2y,http://pbs.twimg.com/media/FcZ2-4sXkAA3Tyn.jpg,NA,NA,NA,NA,NA,NA,racism,minority,NA,NA,NA,NA
1583922066293940225g,Main Event will Islam get the upset? #UFC280 https://t.co/tkBcSTzMGt,http://pbs.twimg.com/tweet_video_thumb/Ffs4uIKWQAA1Qz_.jpg,NA,NA,NA,NA,NA,NA,islam,middle eastern,NA,NA,NA,NA
1489440295196446722g,"@BobH221 Perhaps We Need A Pic That Symbolizes The US Government &amp; or Congress They Are The Real Criminals They have Trump in Position To Repeat. If Obama,Me or Any Other Non Anglo-Saxon did half what Trump did We at the VERY LEAST would be Band For Life From public Offices ""Hypocrisy"" https://t.co/yUwXGMqvmF",http://pbs.twimg.com/media/FKuODWMXEAMWRnJ.jpg,NA,NA,NA,NA,NA,NA,poc,minority,anglo,white,NA,NA
1497685244467630083g,@BaltoSpectator @charmcitycop @kimcwashington @dbetzel @OliverStrawhat @kinji_scott @sowhat623 @Offduty1983 @ivanjbates @EdMcDonough1 @david_cort7 @SoquelCreek @MarkTom83323620 @TomGregory27 @MissAmiaSays @BobbyCherryJr @donkeylawyer @Readythinkable @BaltimoreGOP @CentralDistPrez @RealTimeNews10 @DeputyBarksdale @jbblawmd @Banks223 @DanielWWebster1 @OanaBrooks @tayasbaltimore @CrimeLabBoss @jewstein3000 @GottaHearDis @Spicxer @jerome_briscoe @MarkYjseiu @50ShadesofKellz @heavyheartmom @MarkLTomlin @RobertLWallace @JeffPSU90 @SteveBellow @cwdefllc @mal_sofastaii @FOP3 @Tim_Prudente @DeniseWJZ @MikenzieFrost @MarkConway4th @SenatorMcCray @KeithDFox45 @jemillerwbal @talkshowguy Did BPD target Donnell because he was gay. https://t.co/l4V9v5ijjb,http://pbs.twimg.com/media/FMjYyv-WUAECYVv.jpg,gay,gay,NA,NA,NA,NA,spic,hispanic,jews,jewish,jew,jewish
1598310769115947008g,This an attempt to sabotage reparations and for whites to crowbar their way into getting tangibles to benefit them. #Rally4Reparations https://t.co/MBJt3DWniJ https://t.co/LWcLrMLIu1,http://pbs.twimg.com/media/Fi5XLBzXwAAhKcH.jpg,NA,NA,NA,NA,NA,NA,whites,white,NA,NA,NA,NA
1585245119409975297g,OK Nancy PICK ONE: Open Borders Contribution to SEX SLAVERY &amp; THOUSANDS OF DEATHS ‚ò†Ô∏è due to TRAFFICKING FENTANYL! RAMPANT CRIME WAVE facilitated by Dems soft on crime POLICIES &amp; the COMPLETE FAILURE OF OUR EDUCATIONAL/INDOCTRINATION SYSTEM bc of a WOKENESS AGENDA! https://t.co/l0XYgK756j,http://pbs.twimg.com/media/Ff_sCBXXwAAtKMR.jpg,NA,NA,NA,NA,NA,NA,slavery,black,NA,NA,NA,NA
1591629625285038082g,"That's a currently serving woman's hairdo, and not an off-brand BBC comedy? BTW, 'verbisseneh' is Yiddish for an expression that ""looks like you've been sucking a crate of lemons."" #yiddish #aoteoroa #NewZealand https://t.co/nClWQCGAAY",http://pbs.twimg.com/media/FhaatX0VEAAHC0O.jpg,bi,bisexual,NA,NA,NA,NA,yiddish,middle eastern,NA,NA,NA,NA
1540416685122928643g,@TristanSnell Slavery is against the Constitution. Your comment makes no sense!Have you heard of the 14th amendment? https://t.co/DxoTottIZp,http://pbs.twimg.com/media/FWCoz87WQAA1Pgw.jpg,NA,NA,NA,NA,NA,NA,slavery,black,NA,NA,NA,NA
1498461438712721414g,This is @thatonequeen when white people are laughing/having fun. #BobTheDragQueen @monetxchange #MonetXChange #SiblingRivalryPodcast @PodcastRivalry üë©üèº‚Äçü¶±üë©üèºüë®üèº‚Äçü¶±üë®üèª‚Äçü¶≥üßîüèº https://t.co/WiJXextU1m,http://pbs.twimg.com/media/FMuavFcXoAAMH4M.jpg,NA,NA,NA,NA,NA,NA,white people,white,NA,NA,NA,NA
1532013062047137793g,@RTCSNV WANT BETTER BUS ROUTES SHORTER WAIT TIMES VOTE EVA CHASE for LT GOVERNOR FOR NEVADA JUNE 14th VOTE EARLY SUPPORT LIGHTED BUS STOPS PROGRESSIVE INDEPENDENT CANDIDATE TRANSGENDER POST OP WOMAN college graduate Veteran USAF work/live in LAS VEGAS follow on fb Instagram https://t.co/Ip7sZJsM9x,http://pbs.twimg.com/media/FULNwshUcAA4zZS.jpg,trans,transgender,transgender,transgender,NA,NA,NA,NA,NA,NA,NA,NA
1592953600321671168g,"The Brazilians continue to protest Lula as president. They want Bolsonaro, and are urging the military to intervene.üëÄüëÄkeep tun. https://t.co/CIJhs7xUhp",http://pbs.twimg.com/ext_tw_video_thumb/1592953551919222784/pu/img/9kqSBRDdnfYwZLAh.jpg,NA,NA,NA,NA,NA,NA,brazilians,hispanic,NA,NA,NA,NA
1571512281573523457g,"His concern is not because using humans as political props is inhumane...His concern is it too close to the midterms. He has no problem exploiting the border crisis when he thinks it benefits him. I am ready to lead at the forefront of immigration, asylum, &amp; border reform. https://t.co/MLhHqDmugW",http://pbs.twimg.com/media/Fc8iF2AaEAALF9G.jpg,NA,NA,NA,NA,NA,NA,immig,immigrant,immigration,immigrant,NA,NA
1507631145512361986g,@TheLeoTerrell üíØ üòÇ ü§£ #thisyou #America #üá∫üá∏ might want to call #BLM headquarters for assistance hear their lines are wide open #stopthecapüß¢ https://t.co/khf1KfMLNx,http://pbs.twimg.com/ext_tw_video_thumb/1507631127091056643/pu/img/nUblx_s7q6c9BsNp.jpg,NA,NA,NA,NA,NA,NA,blm,black,NA,NA,NA,NA
1581698019925274624g,@paininmiass Walt Disney hearing his company called a Jewish platform https://t.co/J7mW6L582u,http://pbs.twimg.com/media/FfNR901WYAE9Zqk.jpg,NA,NA,NA,NA,NA,NA,jewish,jewish,jew,jewish,NA,NA
1482592379559243777g,@MNageswarRaoIPS üíê Is Law Equal To All ???üíê Missionaries hatched conspiracy against Hindus and Sanatan Dharma. Sant Shri Asharamji Bapu is the face but target is our Sanatan Dharma. Guilty Franco Acquitted. How? Innocent #Bapuji got life imprisonment. So Funny System. #BishopVsAsharamBapuCase https://t.co/7ty43zNlED,http://pbs.twimg.com/media/FJM56RpVEAIDl7j.jpg,bi,bisexual,NA,NA,NA,NA,hindu,asian,hindus,asian,NA,NA
1519041116334559232g,@Michael46835267 @RepDanBishop Fighting racism with racism is more like it. Get it‚ÄºÔ∏è https://t.co/AeUuQsMcMg,http://pbs.twimg.com/media/FRS32GeUUAAZIQf.jpg,bi,bisexual,NA,NA,NA,NA,racism,minority,NA,NA,NA,NA
1602363536226881543g,"@GOP Don't forget DEMOCRATS cheated the election to cause The (MAJOR PROBLEMS) we now have in our country (HI PRICES HI TAXES HI GAS) ALSO ILLEGALLY ALLOWING ILLEAGL IMMIGRANTS TO VOTE TO TIP THE ELECTION PROCESS IN THEIR FAVOR,THUS AGAIN CHEATING &amp; FORCING A FALSE ELECTION, COMMUNIST https://t.co/tPDScsOYuG",http://pbs.twimg.com/media/Fjy9JQuXkBkQDAg.jpg,NA,NA,NA,NA,NA,NA,immig,immigrant,immigrant,immigrant,immigrants,immigrant
1550890622319558658g,"Trans lives are on the line in Florida. FL‚Äôs most prominent medical organizations, @FloridaMedical and the @FLNurses, have remained publicly silent while Ron Desantis works to rip lifesaving care from Trans Floridians. Tell them to uphold their oath. https://t.co/vBJIFA7BDA https://t.co/COH0J59u8d",http://pbs.twimg.com/media/FYXezI1WIAAZwoq.jpg,trans,transgender,NA,NA,NA,NA,NA,NA,NA,NA,NA,NA
1565395329595359232g,@POTUS Might want to secure the border @POTUS. Your policies make us weaker. Little to no border security allow the drugs to flow onto our streets killing our youth. @JoeBiden is all talk going into midterms with little to no action backing it up. All lies coming from this @WhiteHouse! https://t.co/RurWXiTA8c,http://pbs.twimg.com/media/FblmwTRXgAEXVRi.jpg,bi,bisexual,NA,NA,NA,NA,border security,hispanic,NA,NA,NA,NA
1527408772750135313g,#tytlive #WomensVsGOP #WomensRightsAreHumanRights #HateWontWin #ProgressiveVsEverybody #DoSomethingDemocrats #OurDemocracyIsUnderFire #MAGAIsATerroristOrganization #BlacklivesStillMatter #BlackTransLivesMatter #BlacklivesMatter #donate #join #volunteer https://t.co/eFwnFhsBW2 https://t.co/NLhHpkOG8d,http://pbs.twimg.com/media/FTJyLrCXsAARt4g.jpg,trans,transgender,NA,NA,NA,NA,#blacklivesmatter,black,blacklivesmatter,black,NA,NA
1540766448427089922g,Let's make this #racist famous!!! @IndieCat30 https://t.co/BaOJLsLGH8,http://pbs.twimg.com/media/FWHm64cWQAgREgs.jpg,NA,NA,NA,NA,NA,NA,racist,minority,NA,NA,NA,NA
1481763228548050945g,@PJSupportsBLM @KDKA To hell with blm https://t.co/D8MrEBhbBu,http://pbs.twimg.com/media/FJBHzb7XsAIduET.jpg,NA,NA,NA,NA,NA,NA,blm,black,NA,NA,NA,NA
1497933658082222082g,@TuckerToday @Amy_K_Nelson @amazon @foxnation A BLACK WOMAN WILL BE ON THE SUPREME COURT AND YOU CAN'T DO üí©!!!!!!!!! https://t.co/raZpUp9kEF,http://pbs.twimg.com/media/FMm6uU_XsAcCm2x.jpg,NA,NA,NA,NA,NA,NA,black woman,black,NA,NA,NA,NA
1572666984973873152g,uff what the Colombian president had to say at the UN general assemble has sent me goosebumps https://t.co/Pk1n1xcl7w,http://pbs.twimg.com/media/FdM8SYBXoAITJhx.jpg,bi,bisexual,NA,NA,NA,NA,colombian,hispanic,NA,NA,NA,NA
1497740172687028226g,@StanleyCohenLaw Neo Nazis under the command of a Jewish President? Politics does indeed make for strange bedfellows ü§£ https://t.co/9ldLIfjKUm,http://pbs.twimg.com/tweet_video_thumb/FMkKvxYXsAA8jm9.jpg,NA,NA,NA,NA,NA,NA,jewish,jewish,nazis,white,jew,jewish
1557367604645355520g,"Local politics have national impact. All politics is local. We're taking our country back - from school board to the county level, to local legislative races and upward. It's time to save America üá∫üá∏ #Nebraska #AmericaFirst #TrumpRaid @NebraskaYR @NEGOP @GovRonDeSantis #America https://t.co/IpBjcDmdSk",http://pbs.twimg.com/media/FZzhkviXgAE_Vyn.jpg,NA,NA,NA,NA,NA,NA,our country back,immigrant,NA,NA,NA,NA
1595664428892098560g,"BONES &amp; ALL is THAT film this year that uses body horror to subtextually discuss being Gay and Trans and I heavily respect it for that element. It‚Äôs this year‚Äôs TITANE, and I hope for more queer body horror in the future! #bonesandall https://t.co/jTbFz29Ppi",http://pbs.twimg.com/tweet_video_thumb/FiTwVpiWAAABQti.jpg,gay,gay,queer,lgbtq+,trans,transgender,NA,NA,NA,NA,NA,NA
1582593299461783554g,Black panther movement!!?.?!.... https://t.co/OidkOKKzQF,http://pbs.twimg.com/media/FfaAN-3UUAAhHSY.jpg,NA,NA,NA,NA,NA,NA,black panther,black,NA,NA,NA,NA
1482386810617671683g,When you watch @almasway you‚Äôre going to see #PuertoRican culture at the forefront in a way that celebrates who we are without the stereotypes. Can‚Äôt express how excited we are for the show &amp; the way it exposes a new generation of kids to the beauty of being #Boricua! üáµüá∑üì∫üí™üèΩ https://t.co/x1Y6Oy0bLY,http://pbs.twimg.com/ext_tw_video_thumb/1482386765054947328/pu/img/J3mQAkG8epDQwLAx.jpg,NA,NA,NA,NA,NA,NA,boricua,hispanic,NA,NA,NA,NA
1568978323543396354g,‚ÄúNever forget‚Äù But always remember what that Diaper head said... https://t.co/fzMtYjoOET,http://pbs.twimg.com/media/FcYhd4ZWYAErkbG.jpg,NA,NA,NA,NA,NA,NA,diaper head,middle eastern,NA,NA,NA,NA
1568354769231552514g,Damn #BlackTwitter #QueenElizabeth ü§£ü§£ü§£ https://t.co/2viBNLW9rc,http://pbs.twimg.com/media/FcPqWSfXoAEnPBg.jpg,NA,NA,NA,NA,NA,NA,blacktwitter,black,NA,NA,NA,NA
1518252222521516032g,"@HeRb9eRs4LiFe @Vincent_5 @NoLieWithBTC One side isn't: -actively banning books: including math -creating hotlines for neighbors to report on neighbors -making interracial marriage a crime -legislating illegal words: gay, racism, slavery -passing Thought Crime laws (morality judgment) -cutting vote hrs/places https://t.co/UFRy5Dr9Er",http://pbs.twimg.com/tweet_video_thumb/FRHqWOgWQAIjnvi.jpg,gay,gay,NA,NA,NA,NA,slavery,black,racism,minority,interracial,multi-race
1584703558095888384g,This is White Privilege/Racism in a nutshell. https://t.co/A1fx1N7lK2,http://pbs.twimg.com/media/Ff3_fM2XEAE40SH.jpg,NA,NA,NA,NA,NA,NA,racism,minority,NA,NA,NA,NA
1477296893462036482g,Trump LIED. MURDEROUS SAUDIS MUSLIMS MBS HACKSAWED KHASHOGGI. TRUMP BELONGS IN PRISON https://t.co/xJ41c78FsW,http://pbs.twimg.com/tweet_video_thumb/FIBpsQBXMAE2gmo.jpg,NA,NA,NA,NA,NA,NA,muslim,middle eastern,saudis,middle eastern,muslims,middle eastern
1498361192104046600g,"Tomorrow is Taliban Joe Biden‚Äôs State of the Lie. Count the lies. Watch to see if he reverses any policies, especially his war on energy. We could reduce inflation tremendously and hurt Putin if we went back to the energy independence we had under Trump‚Äôs leadership. https://t.co/nzgyQkmUIq",http://pbs.twimg.com/media/FMs_kDkXEAEk-Vs.jpg,bi,bisexual,NA,NA,NA,NA,taliban,middle eastern,NA,NA,NA,NA
1557366030137180160g,It's all down hill now ... Lunch Special - Grilled Chicken Club w/ Boursin Cheese Soup du Jour - Wild Mushroom Bisque Island Dream - Jamaican Style Chicken Curry Food that loves you back https://t.co/L4DfaUwbz6,http://pbs.twimg.com/media/FZzgJlxXkAMLJOl.jpg,bi,bisexual,NA,NA,NA,NA,jamaican,black,NA,NA,NA,NA
1577398560017944576g,A white queer movie marketed to white straight audiences on the basis that it's the first queer movie backed by a mainstream studio was never a winning marketing strategy https://t.co/mrdEFUcCzA,http://pbs.twimg.com/tweet_video_thumb/FeQLn0xXEAMmuIU.jpg,queer,lgbtq+,NA,NA,NA,NA,NA,NA,NA,NA,NA,NA
1590796576058146822g,"ngl, I think the Incas (and Egyptians and others) were onto something‚Ä¶ https://t.co/2ENm7ODZbL",http://pbs.twimg.com/media/FhOlCS6XEAgFI66.jpg,NA,NA,NA,NA,NA,NA,egyptians,middle eastern,egyptian,middle eastern,NA,NA
1516179426018537474g,@amit_zz @theJagmeetSingh @RanaAyyub @theJagmeetSingh @RanaAyyub @ShreeParadkar @ReallySwara Islamic extremism Islamic terrorism https://t.co/fldmS19ypY,http://pbs.twimg.com/media/FQqNJvWXEAohfPh.jpg,NA,NA,NA,NA,NA,NA,islam,middle eastern,NA,NA,islamic,middle eastern
1585964245774045185g,@IGN Allan Corrales Asian American Dreamer üá∫üá≤üáµüá≠üåé https://t.co/V3lsjvZ5zb,http://pbs.twimg.com/media/FgJ6E81UUAAsgBw.jpg,NA,NA,NA,NA,NA,NA,asian,asian,NA,NA,NA,NA
1507501290707775492g,"@BethSamb @MajorJeffJones @hdevreij You're confusing ""people you don't like"" with ""actual Nazis waving Nazi flags and Nazi patches and doing actual Nazi things."" https://t.co/RisJTvDahM",http://pbs.twimg.com/media/FOu4bh1XEAEnBhi.jpg,NA,NA,NA,NA,NA,NA,nazis,white,NA,NA,NA,NA
1508391090159857670g,"Black Lives Matter üòÇ Crickets #blm ASSAULT #WillAndChris It's a black thing, you wouldn't understand #WillSmith #whiteprivilege #whitesupremacist #whitesupremacy #ChrisRock It's Only Culture #BlackOnBlack #blacktwitter - https://t.co/vcDt0IRlZS",http://pbs.twimg.com/media/FO7his1WYAMljLx.jpg,NA,NA,NA,NA,NA,NA,black lives,black,blacktwitter,black,blm,black
1505224858564767749g,"Homophobia Dog has the essence of 4chan memes. Scumbag Steve, Insane Gf, Courage Wolf. A rebirth? Perhaps. https://t.co/2XrWEWDVdc",http://pbs.twimg.com/media/FOOiB6iXMAU5C84.jpg,bi,bisexual,NA,NA,homo,lgbtq+,NA,NA,NA,NA,NA,NA
1584394460049260545g,"@Dooooooooooodie @jamdef7 @Slizzle_5 @RNCResearch I cheered on the 2020 protests in the streets, the looting and burning was done by #opportunists who could have been anyone, #BLM, #ANTIFA or even #MAGAFascists https://t.co/i6L3QLuo4Y",http://pbs.twimg.com/media/FfzmXVhXgAM0DZ3.jpg,NA,NA,NA,NA,NA,NA,blm,black,NA,NA,NA,NA
1576996263572041728g,"You guys may not remember this but when Trump's Buddie's the Saudis butchered that reporter, there was a brief blurb about the Trump administration knowing ahead of time. Nikki Haley quickly and unexpectedly stepped down from her role at the UN. I said then she was going to run https://t.co/HQuTFoC1mQ",http://pbs.twimg.com/media/FeKdvrsVEAA-rRY.jpg,NA,NA,NA,NA,NA,NA,saudis,middle eastern,NA,NA,NA,NA
1545889081388851202g,George Soros https://t.co/lLxAuONMT6,http://pbs.twimg.com/media/FXQZ7XjXkAEl544.jpg,NA,NA,NA,NA,NA,NA,soros,jewish,NA,NA,NA,NA
1490688300587356166g,"Black communities have made great progress in reducing HIV. Yet to truly #StopHIVTogether, we must confront issues such as racism, discrimination, and mistrust in the health care system that prevent many Black people from accessing HIV testing, prevention, and treatment. https://t.co/n67s1A1PkJ",http://pbs.twimg.com/media/FK_9Gr0XsAI_LUU.jpg,NA,NA,NA,NA,NA,NA,black people,black,racism,minority,NA,NA
1482836832878575621g,@MargaretAUGrad #Democrats love #slavery. https://t.co/6gtHknUdsL,http://pbs.twimg.com/media/FJQYPXmXsAM4kkK.jpg,NA,NA,NA,NA,NA,NA,slavery,black,NA,NA,NA,NA
1494320787511201796g,@HTSD_Kuser Black History Spirit Day tomorrow! #KuserPride #KuserStrong #BlackHistoryMonth https://t.co/O4y84osttC,http://pbs.twimg.com/media/FLzk1VKWQAEVsSv.jpg,NA,NA,NA,NA,NA,NA,black history,black,NA,NA,NA,NA
1480279111658582017g,#Houston #gay #LGBT https://t.co/71gU2MrNOk,http://pbs.twimg.com/media/FIsCATuWQAAkrGZ.jpg,gay,gay,NA,NA,NA,NA,NA,NA,NA,NA,NA,NA
1581821290276880384g,"@TheOpinionDr Getting people all riled up about a Woman human's right to choose, Gay humans getting married, humans of Color living in equality, is not deep conviction. It's about power &amp; control. Period. https://t.co/CN0NYR0tve",http://pbs.twimg.com/media/FfPCFLracAAyDOQ.jpg,gay,gay,NA,NA,NA,NA,NA,NA,NA,NA,NA,NA
1564959347318341637g,"@Mollyploofkins Treason,bribes from the NRA, racism, and misogyny for starters. https://t.co/kFzTyjsvWR",http://pbs.twimg.com/tweet_video_thumb/FbfaOr7WIAMhiZx.jpg,NA,NA,NA,NA,NA,NA,racism,minority,NA,NA,NA,NA
1598742332131913728g,"@Ug_gains @NYCCHR @NYCDSSCommr The evolution of Black representation on television with ownership as a priority, television has served as ""a primary source of America's racial Injustice against black people in front of &amp; behind the camera. @NYCDHS @NYCMayor https://t.co/EcLIdkYIyA",http://pbs.twimg.com/ext_tw_video_thumb/1598222764753682432/pu/img/TgTG6pkwQ3iagahp.jpg,NA,NA,NA,NA,NA,NA,black people,black,NA,NA,NA,NA
1568121160617070592g,"@Oshimili3 @The__Vyrus Emancipate urself from mental slavery. the Nigerian political system is still based on British. imposed Hausa-Fulani hegemony.,Not a single Igbo person has been head of state Biafra war https://t.co/dYchdFpkoT",http://pbs.twimg.com/media/FcMV4XnagAAr1cP.jpg,bi,bisexual,NA,NA,NA,NA,slavery,black,nigeria,black,nigerian,black
1497741734859587587g,@BjornStenbacka join the boycott with the Miami dolphins against Auto Nation dealership selling truck's to ISIS sniper video on black people bill gates investment in Florida ties to Epstein Ross sponsor AN Brian Flores knew it was appalled Chriscaplanis TikTok https://t.co/cM7C3Tso2f,http://pbs.twimg.com/media/FMkMK48VgAI-TGe.jpg,bi,bisexual,NA,NA,NA,NA,black people,black,NA,NA,NA,NA
1483923652638756869g,There's a lot more that belongs on this list....üëáüèºLet's start with Afghanistan... https://t.co/EhShukPm8F,http://pbs.twimg.com/media/FJf0smSUUAIIJVg.jpg,NA,NA,NA,NA,NA,NA,afghanistan,middle eastern,afg,middle eastern,afghan,middle eastern
1586011138847690755g,"@MBDigital001 @dmclane @joncoopertweets Im sure you looked this up,but,Democrats Founded the KKK https://t.co/fqf0aj0xvj",http://pbs.twimg.com/media/FgKkuTcVIAAznQ6.jpg,NA,NA,NA,NA,NA,NA,kkk,white,NA,NA,NA,NA
1571201095094919168g,@lavern_spicer And Republicans just treated people like Jews and blacks. Promising them a better life. https://t.co/ofw5Lu0jD9,http://pbs.twimg.com/media/Fc4HEbvWAAIdpTp.jpg,NA,NA,NA,NA,NA,NA,blacks,black,spic,hispanic,jews,jewish
1553978993736650754g,Are Black Girls Over Secksualized? https://t.co/jUdv0KGAtt via @YouTube #mondaythoughts https://t.co/8XgaRVrpWB,http://pbs.twimg.com/media/FZDXqMJWAAEdfb7.jpg,NA,NA,NA,NA,NA,NA,black girl,black,black girls,black,NA,NA
1481322420074024960g,@mdnij34 Oh my God imagine Republicans in charge and the Democrat or a black or Chinese or something didn't answer their subpoenas Leavenworth would be full https://t.co/QM1AZDiiAM,http://pbs.twimg.com/media/FI624_gUcAE8Gb0.jpg,NA,NA,NA,NA,NA,NA,chinese,asian,NA,NA,NA,NA
1511885102976057345g,@Yeshua17Faith @PubertSchlarff @ThePatriotPar15 @jeffschlueter1 @drdeblk @PhilipEMSkinne1 @asswipehunterb @browneaglewings @TragicEra @Sinner_Lilith @Bigteethyouhave @LordButters22 @Thumper18560818 @BC_Missy @SnoJustis @SpongebobBirth @texasangler1968 @gmarshall1965 @SouthTownKing @BDonedat @dslarsen @UseLogicPlease1 @michellmybell1 @TetraQammon @Frdmlvr3691 @prynne_hyster @nevacomplyagain @ms_julialee @Kittie_Svengali @emmanue00857463 @Flattielover @RealDoctorT @LadyOfTheOcean1 @Synyster63 @FECKFECK611 @USABoomerang6 @theresamtequil1 @Aimhighffw @shrekthepunk @TomDoubting @LibsAreSoDumb @maria_ciao1 @instinctnaturel @diane84701661 @chrisimho @liewbob @Mountain_Buddy @chriscr66024638 @VeronicaLake_ @MistressRedWasp Flags of the Confederacy and Nazi swastika flags are NOT patriotic symbols. https://t.co/lAgvcg1Uuc,http://pbs.twimg.com/media/FPtLfQJXEAIUpnU.jpg,bi,bisexual,NA,NA,NA,NA,swastika,jewish,NA,NA,NA,NA
1584679179076784128g,@CP24 So‚Ä¶fireworks are only pollution when brown folks light them? And @CP24 &amp; @environmentca didn‚Äôt notice how hella racist this ‚Äúwarning‚Äù is before publishing it? What the‚Ä¶whut?!?! https://t.co/OiHzBF4Bth,http://pbs.twimg.com/tweet_video_thumb/Ff3pTrIWIAAOli3.jpg,NA,NA,NA,NA,NA,NA,racist,minority,NA,NA,NA,NA
1568379943255416833g,"@LifeNewsHQ Did you know that Black mothers, with help from Nancy Pelosi &amp; Planned Parenthood &amp; ObamaCare, kill more Blacks in America than the Police or anyone else? On average, 1,876 black babies are aborted every day in the United States. THAT'S 1,876 EVERY DAY!!! https://t.co/lKEbHp84TD",http://pbs.twimg.com/media/FcQBPqjWQAYGXtF.jpg,bi,bisexual,NA,NA,NA,NA,blacks,black,NA,NA,NA,NA
1557198170685202432g,"If you ever wanted a visual of a non-industrial cobalt mine in The Democratic Republic of Congo‚Ä¶ literally dug by hand. Shoulder to shoulder in the hot and dusty environment. 22,000 members in the co-operative and considered small scale. @VICENews https://t.co/y0habXSuCk",http://pbs.twimg.com/ext_tw_video_thumb/1557198108307718146/pu/img/f-XBPvAxm04mp2Jf.jpg,NA,NA,NA,NA,NA,NA,congo,black,NA,NA,NA,NA
1584982850167717888g,"25 October 2022 Rubio is behind it Just one more attempt to deflect, distract and evade accountability. # Scandalous ‚ÄòWho was behind it?‚Äô Rubio calls on Republicans to use their oversight role to investigate 2020 BLM riots https://t.co/iIlfxjS80Z #SmartNews https://t.co/taRVRNk9gV",http://pbs.twimg.com/media/Ff79gMQXgAUJX8o.jpg,bi,bisexual,NA,NA,NA,NA,blm,black,NA,NA,NA,NA
1609238195459469318g,@BadMuthabox @DschlopesIsBack @ScottimusArno Which guys? Dem loving Ukraine Nazis now receiving Billions from House Dems?! Those guys? Which guys? Anarcho Fed guys? https://t.co/rO0kOqyZSm,http://pbs.twimg.com/media/FlUpm08agAEDPUP.jpg,bi,bisexual,NA,NA,NA,NA,nazis,white,NA,NA,NA,NA
1574158167772127235g,"@MarshaBlackburn I knew you'd eventually come through w/a stupid tweet. Marsha Baby, Biden did inherit the shiitstorm Trump the hump left behind. Remember the tariffs Trump put on Chinese made Goods? China didn't pay we the American consumer paid. https://t.co/tFF68s1BOY",http://pbs.twimg.com/media/FdiIgj6WIAA0MMM.jpg,bi,bisexual,NA,NA,NA,NA,chinese,asian,NA,NA,NA,NA
1503508881762242560g,"@CNN @PentagonPresSec @wolfblitzer Watch for Chinese troops on Ukrainian soil,they will not hesitate to put down civil unrest,unlike Russians because the Ukranians look and speak as they. https://t.co/F7EUwZ5w9d",http://pbs.twimg.com/media/FN2JW58WYAI6aC0.jpg,NA,NA,NA,NA,NA,NA,chinese,asian,NA,NA,NA,NA
1599296008730472448g,Elon Musk a South African may very well save American free speech. https://t.co/6Vepov26qy,http://pbs.twimg.com/media/FjHXPDiXEAEP-ru.jpg,NA,NA,NA,NA,NA,NA,south african,black,NA,NA,NA,NA
1495557477970198529g,#FreshWords #racism #BlackLivesMatter #black #BLM #CRT #JustinTrudeau #JusticeMatters #AllLivesMatter #CanadaTruckers #Canada https://t.co/onYsrozMfM,http://pbs.twimg.com/media/FMFJmb9WYAM0e59.jpg,NA,NA,NA,NA,NA,NA,#blacklivesmatter,black,blacklivesmatter,black,blm,black
1521777019742265344g,"GAY IF YOU WEAR'EM! HOMOSEXUAL TO THE ""T"" https://t.co/jkGMPZO1eQ",http://pbs.twimg.com/media/FR5wIqnWUAIaYRQ.jpg,gay,gay,homosexual,lgbtq+,homo,lgbtq+,NA,NA,NA,NA,NA,NA
1602632380090667008g,@RepMTG But you think it's OK for Putin to invade Ukraine ??? You're nothing but a treasonous bi**h that should be imprisoned. https://t.co/JzFC1f5e7o,http://pbs.twimg.com/media/Fj2xqBoUUAIHV-V.jpg,bi,bisexual,NA,NA,NA,NA,NA,NA,NA,NA,NA,NA
1534527988812898306g,"@Poofers6 @JoeBiden I would like to apologize to all the men,And women that served the Afghanistan war, Joe Biden doesn't deserve to have the title commander-in-chief. https://t.co/kTqAkaJxD4",http://pbs.twimg.com/media/FUu9EspWYAUxUWG.jpg,bi,bisexual,NA,NA,NA,NA,afghanistan,middle eastern,afg,middle eastern,afghan,middle eastern
1576578846564192256g,"@GOP President Trump threatened Mitch McConnell and said horribly racist things about Elaine Chao over the weekend, and not a peep from republicans. Make no mistake, a vote for a republican, is a vote for Trump. #GOPTraitorsToDemocracy #VoteBlueForSoManyReasons https://t.co/gQTQ7HdIG3",http://pbs.twimg.com/media/FeEiGo7WYAEPKt0.jpg,NA,NA,NA,NA,NA,NA,racist,minority,NA,NA,NA,NA
1505610797963255811g,"The first photo is from @Deeyah_Khan's award winning documentary ""White Right: Meeting the Enemy"" from 2017. The second photo is from a year ago to the day when I took Ken Parker on Shabbat to a Jewish family in Memphis. #livingProofofChange #Exit #ErasingTheHate #Memphis https://t.co/tJCYj0CwG1",http://pbs.twimg.com/media/FOUBA2oWYAY_ecJ.jpg,NA,NA,NA,NA,NA,NA,jewish,jewish,jew,jewish,NA,NA
1589802442702868481g,@GioBruno1600 Racist bs‚Ä¶ say what????? https://t.co/zbRSvUneCz,http://pbs.twimg.com/tweet_video_thumb/FhAc5H6XgAI7ABG.jpg,NA,NA,NA,NA,NA,NA,racist,minority,NA,NA,NA,NA
1496826863955681281g,"Do not forget that there are good people in Texas, and our anger should be directed at the monsters leading them. Protect trans kids. #protecttranskids #texas #Kaiju #Godzilla https://t.co/QMRRqVShRX",http://pbs.twimg.com/media/FMXMGOWWUAc9FyE.jpg,trans,transgender,NA,NA,NA,NA,NA,NA,NA,NA,NA,NA
1522745609437995008g,"@DrGJackBrown Women as breeding https://t.co/SY7mNkNqRj IT.When the @gop shows you what their core values are, believe them.Every member of the American taliban needs to be voted into oblivion @GOPChairwoman @SenTedCruz #GOPHandmaidsTale #GOPLiesAboutEverything #GOPTaliban #GOPHatesWomen https://t.co/fvuAhHCqqT",http://pbs.twimg.com/media/FSHhDl0XEAEUONF.jpg,NA,NA,NA,NA,NA,NA,taliban,middle eastern,NA,NA,NA,NA
1522617957519532033g,"@Robyn11584961 @ilenecas @TrevorG77739761 @ewarren Morality based on what? On religion? Whose? In sharia law, terminating pregnancy is legal before the end of the first trimester. Jewish law REQUIRES unfettered access to abortion. The Christian morality: https://t.co/ppMGDdyZ47",http://pbs.twimg.com/media/FSFs9nBUYAEWfcp.jpg,NA,NA,NA,NA,NA,NA,jewish,jewish,jew,jewish,NA,NA
1559617816181018625g,"#Immigrants &amp; #newcomers tend to dismiss many of the challenges living in #Canada, as they feel indebted to the country. It is not often we focus on stories of #mentalhealth issues, overly high #expectations, &amp; social &amp; language barriers. https://t.co/TROD8OWtgg",http://pbs.twimg.com/media/FaTgIzuXEAAS4AB.jpg,NA,NA,NA,NA,NA,NA,immig,immigrant,immigrant,immigrant,immigrants,immigrant
1495784276050251779g,Presidents Day in Black History Month: Remembering Black Presidential Candidates THREAD üëáüèæ https://t.co/Bo03a0buRH,http://pbs.twimg.com/media/FMIX3yBUUAEUG-R.jpg,NA,NA,NA,NA,NA,NA,black history,black,NA,NA,NA,NA
1608946308051795969g,üñï ü´µ üá∫üá∏ People #OpenBorders üíµ‚õΩÔ∏è #DestroyAmerica #ChinaJoe üá®üá≥ üíµ https://t.co/HuwQ8EzjOM,http://pbs.twimg.com/media/FlQgIwVXEAsDX8d.jpg,NA,NA,NA,NA,NA,NA,openborders,immigrant,NA,NA,NA,NA
1587186733959069704g,@CarolSOtt No. The minorities out there will getcha. With their criming and jazz music. https://t.co/utoWO9MM0o,http://pbs.twimg.com/tweet_video_thumb/FgbR64WXgAYE__-.jpg,NA,NA,NA,NA,NA,NA,minorities,minority,NA,NA,NA,NA
1571511972432334848g,@laurenboebert Do you know what a - is? Co-exist is how you dork it but you are an illiterate redneck. https://t.co/iUzk2uFpuT,http://pbs.twimg.com/media/Fc8hzuhWIAACes-.jpg,NA,NA,NA,NA,NA,NA,redneck,white,NA,NA,NA,NA
1543303640177414144g,Espero no haya providas o gente que hay que explicarle el humor negro en mi TL üò¨ https://t.co/39WDcFC7km,http://pbs.twimg.com/media/FWrqezeXgAYXOlX.jpg,NA,NA,NA,NA,NA,NA,negro,black,NA,NA,NA,NA
1604798515502518272g,Darkness comes to light? #Trump #CivilWar #CivilWar3 üêÄüêÄüêÄ Saudis $2Bü©∏üí∞‚û°Ô∏è #JaredKushner #Khashoggi #ElonMusk üéôÔ∏è #Chappelle ü§£ #WorldCup #WorldCupFinal #Homophobia #TrumpCrimeFamily üêÄüêÄüêÄüêÄüêÄ https://t.co/cJitQpN5A5,http://pbs.twimg.com/media/FkVbIrYacAA9wxW.jpg,bi,bisexual,homo,lgbtq+,homophobia,lgbtq+,saudis,middle eastern,NA,NA,NA,NA
1561505407943819264g,"@GOP The number one issue that voters are now concerned about is NOT immigration,NOT Inflation,but saving https://t.co/XXSLN5l4sa've ENRAGED women,their allies,veterans, and the LBGT communities with your attempts to impose sharia law n üá∫üá∏.You ARE heading for political entinction https://t.co/KdIC6uUGEc",http://pbs.twimg.com/media/FauU40lWIAMcBtQ.jpg,NA,NA,NA,NA,NA,NA,immig,immigrant,immigration,immigrant,NA,NA
1537282153247039489g,My Japanese degree watching me hyper fixate on learning ancient Egyptian: https://t.co/QAO3Bhigds,http://pbs.twimg.com/media/FVWF-CaXwAIIApi.jpg,NA,NA,NA,NA,NA,NA,jap,asian,japanese,asian,egyptian,middle eastern
1506793935158624264g,@ananavarro He‚Äôs so embarrassing!!!! Can we revoke his Latino card please?!? No pasteles or coquito for this fool!!! https://t.co/3LRVlR4HdR,http://pbs.twimg.com/tweet_video_thumb/FOk1FiSWQAMQzhO.jpg,NA,NA,NA,NA,NA,NA,latino,hispanic,NA,NA,NA,NA
1583940884420505602g,Human rights for #Iran! Are you listening @POTUS? We are shouting in front of the @WhiteHouse! No deal with the murderers of Iranian people ‚úäüèª‚úäüèª #MahsaAmini #ŸÖŸáÿ≥ÿß_ÿßŸÖ€åŸÜ€å https://t.co/4NBFuCjUJR,http://pbs.twimg.com/media/FftJ03aWIAErXvt.jpg,NA,NA,NA,NA,NA,NA,irani,middle eastern,iranian,middle eastern,NA,NA
1503799275674759169g,"@Britta80499723 @Bernade13702708 @mdnij34 It's likely that ""trumpism"" will persist, but the throne may pass to a DeSantis or someone who has taken up the authoritarian mantle, but without the word ""trump"" in it. They'll all be fighting for leadership up toward 2024. A scary time in store, if the GOP Nazis take power. https://t.co/zumZta7mnR",http://pbs.twimg.com/media/FN6Rd-uVsAA9Pem.jpg,NA,NA,NA,NA,NA,NA,nazis,white,NA,NA,NA,NA
1553143369911750657g,HOW TO GET A JOB IN CANADAüá®üá¶üá®üá¶üá®üá¶ A labour Market Impact Assessment (LMIA) is a document that an employer in Canada may need to get before hiring a foreign worker. My guest got a juicy job through this immigration routeüòÄ If you have questions and you want to know how to get a job https://t.co/I9NBqGpCvl,http://pbs.twimg.com/media/FY3fqWxX0AAy8iB.jpg,NA,NA,NA,NA,NA,NA,immig,immigrant,immigration,immigrant,NA,NA
1497380299428315150g,Uh Oh Look Out I'des KKK#46... https://t.co/Ye3EbWnoNI,http://pbs.twimg.com/media/FMfDcjqXEAAf87e.jpg,NA,NA,NA,NA,NA,NA,kkk,white,NA,NA,NA,NA
1609361557909286915g,REPUBLICAN LOWA GOV KIM REYNOLDS IS BAD NEWS EVA CHASE FOR NEVADA STATE ASSEMBLY DISTRICT 16 2024 PROGRESSIVE INDEPENDENT TRANSGENDER POST OP WOMAN USAF VETERAN COLLEGE https://t.co/pY4vB8cYym,http://pbs.twimg.com/ext_tw_video_thumb/1609361485884715009/pu/img/OgPZYmfe5aAx8xcH.jpg,trans,transgender,transgender,transgender,NA,NA,NA,NA,NA,NA,NA,NA
1483143974722289666g,"Remember and honor the legacy of the great Dr. Martin Luther King Jr. today and every day, by doing what is right, even when it‚Äôs hard. @MLKDay #MartinLutherKingDay #MLKDay #BlackLivesMatter #SocialJustice #equality #IHaveADream https://t.co/4jqPocNFBk",http://pbs.twimg.com/media/FJUvlanVEAErxKs.jpg,NA,NA,NA,NA,NA,NA,#blacklivesmatter,black,blacklivesmatter,black,poc,minority
1507683277594927111g,"@MarshaBlackburn Trump‚Äôs $15 BILLION WALL has been sawed through by traffickers over 3500 times, bringing many thousands of migrants into the US. https://t.co/FQp545h2kZ",http://pbs.twimg.com/media/FOxd81UXsAEhpwB.jpg,bi,bisexual,NA,NA,NA,NA,migrant,immigrant,migrants,immigrant,NA,NA
1598636798963744768g,"@ProudElephantUS Hands down, but she's gay black and a woman so...ü§∑ https://t.co/8M6hPYDM5O",http://pbs.twimg.com/tweet_video_thumb/Fi9_sDRUcAAK-mJ.jpg,gay,gay,NA,NA,NA,NA,NA,NA,NA,NA,NA,NA
1552731523203248129g,What If? ü§£ @RobertDowneyJr #BlackPantherWakandaForever #BlackPanther #MarvelStudios #BlackTwitter #MCU #BlackPanther2 https://t.co/owEZssdLyz,http://pbs.twimg.com/media/FYxpF6OUcAARS0X.jpg,NA,NA,NA,NA,NA,NA,blacktwitter,black,blackpanther,black,NA,NA
1483846080752013318g,"@mantramman He is a terrorist. He made deals with the terrorists. The military,( suckers and losers) went to Afghanistan to fight the Taliban. The Russians paid them for the soldiers they killed. He's a thug who will rule by white supremacy and mobs of thugs. https://t.co/i9GXWniIpl",http://pbs.twimg.com/media/FJeuJbBVEAEwQ98.jpg,NA,NA,NA,NA,NA,NA,afghanistan,middle eastern,afg,middle eastern,afghan,middle eastern
1590065927194038272g,@SenTedCruz So you think it would have been better to let the tainted formula be sold? Who surrendered to the Taliban? Who abandoned the Kurds? Who attempted to extort Ukraine? Stop lyin' Ted. #VoteBlueToSaveDemocracy https://t.co/njDnd5Hx8F,http://pbs.twimg.com/tweet_video_thumb/FhEMh44VIAA7NIl.jpg,NA,NA,NA,NA,NA,NA,kurd,middle eastern,kurds,middle eastern,taliban,middle eastern
1506803207179157504g,Gays are so annoying lmfao chatting to this guy on an app and he said ‚Äúbut does Ktown have gay bars?‚Äù Can you f*gs be away from circuit music for 3 hours to experience a different kind of bar jfc lmao https://t.co/rM2HzpqJOm,http://pbs.twimg.com/media/FOk9h2KVgAEXXxx.jpg,gay,gay,NA,NA,NA,NA,NA,NA,NA,NA,NA,NA
1526366388507619329g,#BlackLivesMatter https://t.co/KMi2y66e28,http://pbs.twimg.com/tweet_video_thumb/FS6-I0mWYAczvTS.jpg,NA,NA,NA,NA,NA,NA,#blacklivesmatter,black,blacklivesmatter,black,NA,NA
1569861128741883907g,"@Jim_Jordan News flash traitor, the border has never been secure! Ur creating fear in the hearts of racists all over the country, that's exactly what ur intentions are ü§¨ it's not going to work foolüñïnothing but a clown show ü§£ https://t.co/5O8r2haE3B",http://pbs.twimg.com/media/FclEYFZX0Ak_xJL.jpg,NA,NA,NA,NA,NA,NA,racist,minority,racists,minority,NA,NA
1549060000278085633g,@Major_Atl @cape_codder @Aggieman20 The confederacy is dead and gone. You speak like all conservatives are racist. You couldn‚Äôt be more wrong. https://t.co/m17cHpqsoj,http://pbs.twimg.com/media/FX9d3BEXgAENqEk.jpg,NA,NA,NA,NA,NA,NA,racist,minority,NA,NA,NA,NA
1591504229667147779g,"@glennbeck @SonjaRowell Women, children, &amp; people of color are not sitting still for your attempt to remote control us, &amp; call it ‚Äúpro-life.‚Äù When I see record numbers of pro lifers fostering children, we‚Äôll talk. https://t.co/HiCsw4ARP2",http://pbs.twimg.com/tweet_video_thumb/FhYopgKVUAEO5hd.jpg,NA,NA,NA,NA,NA,NA,people of color,minority,NA,NA,NA,NA
1570545596074983426g,@NickAdamsinUSA You sure about that? When did trump free the slaves? Zoom https://t.co/LPhzrfC74C,http://pbs.twimg.com/media/Fcuy5ZkWYAIcEzm.jpg,NA,NA,NA,NA,NA,NA,slaves,black,NA,NA,NA,NA
1583223746730799105g,So if loving my America makes me a racist then it shall be so‚úùÔ∏èüá∫üá∏üí™ but I will take full responsibility for my actions for defending everything my parents taught me to kneel to the Cross and salute Old Glory üëäüá∫üá∏‚úùÔ∏èüá∫üá∏üôè https://t.co/UqNnv3IG94,http://pbs.twimg.com/media/Ffi9m4sXoAEcyJa.jpg,bi,bisexual,NA,NA,NA,NA,racist,minority,NA,NA,NA,NA
1502412073363517443g,@harmonybyday @ParisHilton @ashleymiichelle @AshleySmart55 @la_romantic_ @ladonnaparks26 @NinaThaQueen @Nicebutcrazyred @ladygaga @Wandering324 @washingtonpost @billieeilish #BillieEilish #AmericanUnderdog #TejRan #WWE2K22 #BritneySpears #trans #celebrity https://t.co/oJ61VihGMT,http://pbs.twimg.com/media/FNmj0W2XIAQBb_z.jpg,bi,bisexual,NA,NA,trans,transgender,NA,NA,NA,NA,NA,NA
1549234287945297920g,# Asaliakum # all Muslims # brothers and sisters # dua for all sick people's JAZAKALLAHA https://t.co/6t6pGsMD43,http://pbs.twimg.com/ext_tw_video_thumb/1549234262510952448/pu/img/H6wU4jZUIxKQTmM2.jpg,NA,NA,NA,NA,NA,NA,muslim,middle eastern,muslims,middle eastern,NA,NA
1541922675576258560g,"Now that we've seen how Trump can be a complete and utter dumbass/crazy person for the millionth time, we can get back to the real problem at hand... SCOTUS setting our country back 50yrs &amp; ""Pro-Lifers"" that are really ""Pro-Forced Birth"" wanting to adopt your baby: https://t.co/vth0LGOzXJ",http://pbs.twimg.com/media/FWYCgKQXgAAT49F.jpg,bi,bisexual,NA,NA,NA,NA,our country back,immigrant,NA,NA,NA,NA
1496969470899806214g,80% of the military was focused on Europe &amp; N Africa We were lucky to beat the Japanese navy and a lot of it was pure luck. https://t.co/QEXGYzZXMo,http://pbs.twimg.com/media/FMZNy__XMAECG4G.jpg,NA,NA,NA,NA,NA,NA,jap,asian,japanese,asian,NA,NA
1574163164337520647g,"Somber yet poignant caricature by Dilem, ex-Libert√©. Translation: Death of an Iranian woman arrested for having worn her hijab incorrectly. Mullah: ‚ÄúWe can still see her feet‚Äù. #Iran #Mahsa_Amini #ŸÖŸáÿ≥ÿß_ÿßŸÖ€åŸÜ€å https://t.co/0cAB4ufxnZ",http://pbs.twimg.com/media/FdiNDf-XEAEFJCI.jpg,trans,transgender,NA,NA,NA,NA,hijab,middle eastern,irani,middle eastern,iranian,middle eastern
1492504950475137030g,"@RepTenney American energy independence is a no-no. Shame on u f suggesting otherwise. This admin wants us chained to foreigners, begging f help then forcing us to comply to illegal mandates of masks/shots f the flu. Don't u have a copy of Sch wab's G reat Re set? That's their playbook. https://t.co/7rRpUJAK1O",http://pbs.twimg.com/media/FLZxV9PVcAQUMgP.jpg,NA,NA,NA,NA,NA,NA,foreigner,immigrant,foreigners,immigrant,NA,NA
1583213399659335682g,"The RNC, MAGA, GOP, Republicans, Tea Party, White Nationalists, KKK, Q, NeoNazis, Proud Boys, Oath Keepers or whatever the hell they're calling themselves, these days, are out in full force to spread hate, racism, violence, misogyny, lies, disinformation, and conspiracies, AGAIN! https://t.co/2ZnvWTTI7l",http://pbs.twimg.com/media/Ffi0Mg8XgAIjX4a.jpg,NA,NA,NA,NA,NA,NA,racism,minority,kkk,white,nazis,white
1539794936786169856g,"SO, Disappointed, in the Texas Hispanic Republicans, responsible for the cowardly response &amp; cover-up, of The Robb Elementary School Massacre of 19 children &amp; 2 Teachers, In Uvalde, Texas. God Bless The People of Uvalde, revealing the Truth. #banAR15s https://t.co/4svQHL7PgF",http://pbs.twimg.com/media/FV5zVXMUsAA4gPV.jpg,NA,NA,NA,NA,NA,NA,hispanic,hispanic,NA,NA,NA,NA
1522648195636944896g,@ClassicsPlanes https://t.co/81Qd86Rw6b #pilot #pilots #airline #flightattendants #flightcrew #flightattendantlife #flightcrewlife #airplanes #detained #arrested #cupe #unifor #dominican #dominicanrepublic #authorities https://t.co/KcDzOtiCDj,http://pbs.twimg.com/media/FSGIduwVEAA2zoT.jpg,NA,NA,NA,NA,NA,NA,dominican,black,NA,NA,NA,NA
1503885968419475456g,"Something about this Ralph Lauren collection reminds me of people yelling at Ruby Bridges more than HBCUs x Archie Comics. The 50s and 60s weren't SO great for us and uh, this wasn't OUR vibe. But hey, it was a Blackity Blaque production for this, soooooo Cc: @rolandsmartin https://t.co/FC7Ih9Ytgj",http://pbs.twimg.com/tweet_video_thumb/FN7gUGpXwAEcqA1.jpg,NA,NA,NA,NA,NA,NA,blackity,black,NA,NA,NA,NA
1510811365736259585g,"Please stop calling our black brothers and sisters niggas! The word is just foul, full of self hate &amp; disrespectful to our ancestors! We need dignity &amp; self respect! Just stop!üõë https://t.co/G8up69BhEO",http://pbs.twimg.com/media/FPd67S8VEAAs2sa.jpg,NA,NA,NA,NA,NA,NA,nigga,black,niggas,black,NA,NA
1540548187873628161g,#RoeOverturned #mybodymychoice #samesexmarriage #birthcontrol https://t.co/ckjx83TplY,http://pbs.twimg.com/media/FWEgaV6VEAAixKz.jpg,bi,bisexual,samesexmarriage,lgbtq+,NA,NA,NA,NA,NA,NA,NA,NA
1557895042781544448g,@allinwithchris I don't get why you pundits and your panels just can't admit right up front that this shit with trump and the trumpers are straight up about racism and that replacement theory bullshit. This is the problem is nobody wants to speak up on truthfully! Look at em! https://t.co/yU2O5liFrl,http://pbs.twimg.com/media/FZ7BSQzWIAA-nHQ.jpg,NA,NA,NA,NA,NA,NA,racism,minority,NA,NA,NA,NA
1605269785448685593g,"@aapki_monika5 Me, pleaseeeee iam cuban https://t.co/yUMeIm03OK",http://pbs.twimg.com/media/FkcQUiXWIAA1Dkr.jpg,NA,NA,NA,NA,NA,NA,cuban,black,NA,NA,NA,NA
1596670263936143368g,@GayBestie826 had been begging weeks to go to Buffet Star Chinese buffet and then barely gets a full plate compared to me who did 3 plates ü§¶‚Äç‚ôÇÔ∏è https://t.co/AToYj9o5rY,http://pbs.twimg.com/media/FiiDJEnWQAMW9d2.jpg,gay,gay,NA,NA,NA,NA,chinese,asian,NA,NA,NA,NA
1551946104991895559g,"@shannonrwatts Vance &amp; many are the version of the American Taliban. Yes, go ahead republican women, so this is what you want for you, your daughters &amp; the women in your state. https://t.co/kIp1CCB4xF",http://pbs.twimg.com/media/FYmewTfXkAAMO5-.jpg,NA,NA,NA,NA,NA,NA,taliban,middle eastern,NA,NA,NA,NA
1607112196236136449g,"@netsirkl @PG__inCostaRica @ThisIsKyleR Good luck with your pyramid scheme but you won't get the pink car (Mary Kay did it best btw) Arab Spring could never happen here again, that's by design. Its TINO. Its 0.5 Twitter In Name Only (see also: Van Hagar) https://t.co/hNfdIKInW3",http://pbs.twimg.com/media/Fk2cBpOaEAAOoV9.jpg,NA,NA,NA,NA,NA,NA,arab,middle eastern,NA,NA,NA,NA
1542813891981299714g,@washingtonpost ‚Äúthe Supreme Court's first Black female justice.‚Äù https://t.co/7taUGQi9Wh,http://pbs.twimg.com/media/FWktDooUYAA2Rsg.jpg,NA,NA,NA,NA,NA,NA,black female,black,NA,NA,NA,NA
1490505984325922817g,"Not good at all. It's literally the ""they're not racist cuz they know a Black person"" argument ü§∑üèª‚Äç‚ôÄÔ∏è https://t.co/eEPOfLdssM",http://pbs.twimg.com/media/FK9XS0XWUAER78Y.jpg,NA,NA,NA,NA,NA,NA,racist,minority,NA,NA,NA,NA
1604869284383322112g,"@DavidBeckOG @TedottoJ @NubiusAdultStar @SenWarren @Twitter @Tesla 240+years. DJT CANT HAVE MYüÜîÔ∏è I'm a free person. It'süôã‚Äç‚ôÇÔ∏èIDENTITY. VoterüÜîÔ∏èeasy.üëá Covid2020 they sent me1Ô∏è‚É£ballot. The govt can have my address2Ô∏è‚É£vote. üôã‚Äç‚ôÇÔ∏èdidnt‚úâÔ∏èit,went in‚ôüÔ∏è&amp;üî∫Ô∏èU did?üîª PHOTOGRAPHY 183Ô∏è‚É£0's Not rocket science. ""Not my 1st time here.""‚ôüÔ∏è ‚ò¢Ô∏èBorder Security‚úîÔ∏èüÜïÔ∏èüá∫üá≤ https://t.co/IqZNPPgeD1",http://pbs.twimg.com/tweet_video_thumb/FkWkGtVWYAMoLUv.jpg,bi,bisexual,NA,NA,NA,NA,border security,hispanic,NA,NA,NA,NA
1570218427146543105g,@LindseyGrahamSC @jessebwaters @FoxNews #puremysogny Keep up the good work miss Lindsey.I'm not sure there are any more female voters who are not aware of the cult of the orange traitor's attempt to impose Sharia law in America An political extinction level event is heading directly at you and the American taliban @gop https://t.co/Jm6SVOKKGF,http://pbs.twimg.com/media/FcqJVGLXEAAv_3f.jpg,NA,NA,NA,NA,NA,NA,taliban,middle eastern,NA,NA,NA,NA
1487988993287499786g,"@JeremyRedfernFL @ChristinaPushaw ""Do we even know they're Nazis""? Look closely, Florida. These are the people you pay to gaslight you. There is no excuse for this. #resign https://t.co/r7mHiPqYb6",http://pbs.twimg.com/media/FKZmGpPXoAEbN13.jpg,NA,NA,NA,NA,NA,NA,nazis,white,NA,NA,NA,NA
1555062155656962050g,F racism like this that causes ta fight each other.. these guys are forcing some type of issues because of elephant and peanut butter https://t.co/aXgnxHzed3,http://pbs.twimg.com/media/FZSwxutXgAIYEwp.jpg,NA,NA,NA,NA,NA,NA,racism,minority,NA,NA,NA,NA
1549424416559206400g,"Good day everyone! I'm captain today, I had busy beginnings. Morning passing quickly as well, which is welcoming. üôÇ I trust everyone's day is going well. Another warm day, should be cooling down soon. Moving forward, you all have a good one! Stay safe! #Navajo https://t.co/wdRXIZ2Eb7",http://pbs.twimg.com/media/FYCpSzPUsAAzZN_.jpg,NA,NA,NA,NA,NA,NA,navajo,native american,NA,NA,NA,NA
1492171726888779785g,ùêÇùêûùê•ùêûùêõùê´ùêöùê≠ùêû ùê≠ùê°ùêû ùêåùê¢ùê•ùêûùê¨ùê≠ùê®ùêßùêûùê¨ Ikenna Enechukwu from @ricefootball speaks on the importance of honoring the unsung heroes in Black History. #GoOwlsüëê x #BlackHistoryMonth https://t.co/R9cuG4IpuN,http://pbs.twimg.com/media/FLVCRbYXoAkzejz.jpg,NA,NA,NA,NA,NA,NA,black history,black,NA,NA,NA,NA
1508646264799436805g,CNN Chinese News Network! Its all propaganda! https://t.co/FEOgviYwzi,http://pbs.twimg.com/media/FO_JxumXMAQqnY4.jpg,NA,NA,NA,NA,NA,NA,chinese,asian,NA,NA,NA,NA
1573174631175004160g,"@KylieHansen @GOP We ARE taking our country back from politicians on the Russian payroll,racists, and practioners of incest.They may be your core values;they sure as hell are not those of the rest of us @GOPChairwoman @LeaderMcConnell @GOPChairwoman #GOPDomesticTerrorists #Trumpisgoingtoprison https://t.co/kEEJjDXlFp",http://pbs.twimg.com/media/FdUJ_CvWIAEFfwx.jpg,NA,NA,NA,NA,NA,NA,our country back,immigrant,racist,minority,racists,minority
1521162613689790466g,"you‚Äôve been writing Dilbert for 33 years, and your first Black character was introduced solely so you could attack trans people?!? https://t.co/h5z2VeEXkD",http://pbs.twimg.com/media/FRxBU_eUcAABDs3.jpg,trans,transgender,NA,NA,NA,NA,NA,NA,NA,NA,NA,NA
1506693595897774082g,"At the footsteps of the capital, we remind @GovKathyHochul of her immigrant roots! Last year, workers went on hunger strike for TWENTY THREE DAYS! New York State has the funds! Does our governor have the will? #ExcludedNoMore https://t.co/T0Jc6gGYP1",http://pbs.twimg.com/media/FOjZ1nrXwAA0MG-.jpg,NA,NA,NA,NA,NA,NA,immig,immigrant,immigrant,immigrant,migrant,immigrant
1599192568763326465g,@rokustick @bnaibrithcanada @BnaiBrith @kanyewest @KyrieIrving @SHAQ @KingJames @RealTorontoNewz @JdeMontreal WAIT SO YOU MEAN TO TELL ME ... ASHKENAZIS ARE SAYING BLACK PEOPLE ARE JEWS ... MEANWHILE YOU ARE IGNORANTLY SPEAKING FOR THEM .... ü§£ü§£ü§£ YOU'RE A JOKE https://t.co/9Q3Q5W3IAJ,http://pbs.twimg.com/media/FjF5KoXWAAMH_ho.jpg,NA,NA,NA,NA,NA,NA,black people,black,jews,jewish,nazis,white
1504624215663820801g,Jewish. No matter what. https://t.co/MkAdqinA8T,http://pbs.twimg.com/media/FOF_v7VXIAI3ci4.jpg,NA,NA,NA,NA,NA,NA,jewish,jewish,jew,jewish,NA,NA
1570813305106890752g,"@Michael42426104 @realelybritt Interesting that you say ‚ÄúTrumpster‚Äù and you talk about fundamental values regarding racism, fear, grievances, HATE, and selfishness when all one has to do is look at this tweet thread and see who is the one expressing all those views by tweeting condescending remarks. ü§∑ https://t.co/lOQws6uc8g",http://pbs.twimg.com/tweet_video_thumb/FcymXwqaMAAldm-.jpg,NA,NA,NA,NA,NA,NA,racism,minority,NA,NA,NA,NA
1496377237561565187g,"@Claressashields Crazy thing about Liston was nobody knew how old he was. He didn‚Äôt start boxing professionally until he was in his 30s and by the time he fought a young Cassius Clay fresh off Olympic gold he was likely already in his 40s‚Ä¶ Yet, before Ali he was totally dominant for years at HW. https://t.co/fKcgukx88r",http://pbs.twimg.com/tweet_video_thumb/FMQzKZCVkAANlnN.jpg,NA,NA,NA,NA,NA,NA,fresh off,asian,NA,NA,NA,NA
1585748927420469248g,@DanRather Stay and fight the Nazis! https://t.co/FuSeyRf06s,http://pbs.twimg.com/media/FgG2PvjWQAAEoq_.jpg,NA,NA,NA,NA,NA,NA,nazis,white,NA,NA,NA,NA
1545399974707462146g,"@janekleeb @jim_pillen ""Christian nationalists advocate for laws that denigrate and roll back the rights of people who are not white, Christian, heterosexual or cisgender. They dare to cloak cruel policies in the guise of religious freedom when in reality these laws have nothing to do with religion..."" https://t.co/2laVqdAveS",http://pbs.twimg.com/media/FXJdFjaWIAARh3h.jpg,cisgender,heterosexual,NA,NA,NA,NA,NA,NA,NA,NA,NA,NA
1590787008200380433g,I‚Äôll take niggas in the @NBA serious until they all quit and start their own league! until then these Niggas is Amistad just like the rest of us.. jordan too rich to still need Nike.. let‚Äôs be honest.. https://t.co/Sm9qu259sK,http://pbs.twimg.com/tweet_video_thumb/FhOcVvsXwAApYU-.jpg,NA,NA,NA,NA,NA,NA,nigga,black,NA,NA,niggas,black
1561789128185880577g,@mikepompeo And what did you promise the Taliban Mike? https://t.co/tqpdlNxYFW,http://pbs.twimg.com/media/FayW7whXgAEdM7Y.jpg,NA,NA,NA,NA,NA,NA,taliban,middle eastern,NA,NA,NA,NA
1503837939968708615g,"Fannie Lou Hamer was one of the most resilient and passionate women that had a track record of championing causes that changed Black people‚Äôs lives for the better. She was a BOLD Change Agent who got stuff done. üôåüèæ Thank you, Fannie Lou Hamer. #WomensHistoryMonth #WHM2022 https://t.co/TclmwGiDpC",http://pbs.twimg.com/media/FN60XJbXIAI6O1S.jpg,NA,NA,NA,NA,NA,NA,black people,black,NA,NA,NA,NA
1501564636969246726g,@AaronRodgers12 @packers Seriously..DONT CARE. DONT like you..dont rock with you..or any white dude who uses MLK and racism to equate to their own stupidity.. https://t.co/xq3bexcRob,http://pbs.twimg.com/media/FNahFISX0AcVUw2.jpg,NA,NA,NA,NA,NA,NA,racism,minority,NA,NA,NA,NA
1553863413453000705g,@PerinoLogan @AlacritysWhatev @laurenboebert Please stay off my page you racist fool you are not my equal . https://t.co/hQOpjjgoTB,http://pbs.twimg.com/tweet_video_thumb/FZBuiXdWAAcfuJ9.jpg,NA,NA,NA,NA,NA,NA,racist,minority,NA,NA,NA,NA
1491060195031588868g,"@Enwagboso @RadicalYouthMan @PatrioticNGRN @atiku @bukolasaraki Jettison Radical. You can argue with him till you're blue in the face, he has taken a position with Saraki. He forgot that giving Nigeria's multi-ethnic, multi-cultural &amp; multi-religious colouration, not rotating power is the easiest recipe for implosion. History is our guideüëá https://t.co/xMiZEQFyyM",http://pbs.twimg.com/ext_tw_video_thumb/1491060143194316807/pu/img/22jl6zmX4J26eop_.jpg,NA,NA,NA,NA,NA,NA,nigeria,black,NA,NA,NA,NA
